Player,Team,Conference,Date,Position,Height
Norman Powell,Toronto Raptors,East,"Mar 9, 2020",SG,6'4
LeBron James,Los Angeles Lakers,West,"Mar 9, 2020",F,6'8
Giannis Antetokounmpo,Milwaukee Bucks,East,"Mar 2, 2020",F,6'11
Kristaps Porzingis,Dallas Mavericks,West,"Mar 2, 2020",FC,7'3
Jayson Tatum,Boston Celtics,East,"Feb 10, 2020",SF,6'8
Nikola Jokic,Denver Nuggets,West,"Feb 10, 2020",C,7'0
Jaylen Brown,Boston Celtics,East,"Feb 3, 2020",SF,6'7
Damian Lillard,Portland Trail Blazers,West,"Feb 3, 2020",G,6'3
Pascal Siakam,Toronto Raptors,East,"Jan 27, 2020",F,6'9
Damian Lillard,Portland Trail Blazers,West,"Jan 27, 2020",G,6'3
Ben Simmons,Philadelphia Sixers,East,"Jan 20, 2020",PF,6'10
Kawhi Leonard,Los Angeles Clippers,West,"Jan 20, 2020",F,6'7
Josh Richardson,Philadelphia Sixers,East,"Jan 13, 2020",G,6'6
DeMar DeRozan,San Antonio Spurs,West,"Jan 13, 2020",GF,6'7
Giannis Antetokounmpo,Milwaukee Bucks,East,"Jan 6, 2020",F,6'11
LeBron James,Los Angeles Lakers,West,"Jan 6, 2020",F,6'8
Jaylen Brown,Boston Celtics,East,"Dec 30, 2019",SF,6'7
Brandon Ingram,New Orleans Pelicans,West,"Dec 30, 2019",SF,6'9
Kyle Lowry,Toronto Raptors,East,"Dec 23, 2019",PG,6'1
Dennis Schroder,Oklahoma City Thunder,West,"Dec 23, 2019",PG,6'1
Bam Adebayo,Miami Heat,East,"Dec 16, 2019",C,6'10
LeBron James,Los Angeles Lakers,West,"Dec 16, 2019",F,6'8
Jimmy Butler,Miami Heat,East,"Dec 9, 2019",GF,6'8
Anthony Davis,Los Angeles Lakers,West,"Dec 9, 2019",PF,6'10
Giannis Antetokounmpo,Milwaukee Bucks,East,"Dec 2, 2019",F,6'11
Carmelo Anthony,Portland Trail Blazers,West,"Dec 2, 2019",F,6'8
Spencer Dinwiddie,Brooklyn Nets,East,"Nov 25, 2019",PG,6'6
Luka Doncic,Dallas Mavericks,West,"Nov 25, 2019",SF,6'7
Nikola Vucevic,Orlando Magic,East,"Nov 18, 2019",PF,7'0
James Harden,Houston Rockets,West,"Nov 18, 2019",SG,6'5
Pascal Siakam,Toronto Raptors,East,"Nov 11, 2019",F,6'9
James Harden,Houston Rockets,West,"Nov 11, 2019",SG,6'5
Giannis Antetokounmpo,Milwaukee Bucks,East,"Nov 4, 2019",F,6'11
Anthony Davis,Los Angeles Lakers,West,"Nov 4, 2019",PF,6'10
Trae Young,Atlanta Hawks,East,"Oct 28, 2019",PG,6'2
Karl-Anthony Towns,Minnesota Timberwolves,West,"Oct 28, 2019",C,7'0
Kemba Walker,Charlotte Hornets,East,"Apr 8, 2019",G,6'1
Russell Westbrook,Oklahoma City Thunder,West,"Apr 8, 2019",G,6'3
Andre Drummond,Detroit Pistons,East,"Apr 1, 2019",C,6'11
Damian Lillard,Portland Trail Blazers,West,"Apr 1, 2019",G,6'3
Trae Young,Atlanta Hawks,East,"Mar 25, 2019",PG,6'2
James Harden,Houston Rockets,West,"Mar 25, 2019",SG,6'5
Bradley Beal,Washington Wizards,East,"Mar 18, 2019",SG,6'3
Rudy Gobert,Utah Jazz,West,"Mar 18, 2019",C,7'1
Andre Drummond,Detroit Pistons,East,"Mar 11, 2019",C,6'11
Mike Conley,Memphis Grizzlies,West,"Mar 11, 2019",PG,6'1
Ben Simmons,Philadelphia Sixers,East,"Mar 4, 2019",PF,6'10
Donovan Mitchell,Utah Jazz,West,"Mar 4, 2019",SG,6'3
Bojan Bogdanovic,Indiana Pacers,East,"Feb 11, 2019",F,6'8
Paul George,Oklahoma City Thunder,West,"Feb 11, 2019",GF,6'9
Giannis Antetokounmpo,Milwaukee Bucks,East,"Feb 4, 2019",F,6'11
Nikola Jokic,Denver Nuggets,West,"Feb 4, 2019",C,7'0
Giannis Antetokounmpo,Milwaukee Bucks,East,"Jan 28, 2019",F,6'11
Paul George,Oklahoma City Thunder,West,"Jan 28, 2019",GF,6'9
D'Angelo Russell,Brooklyn Nets,East,"Jan 21, 2019",SG,6'5
James Harden,Houston Rockets,West,"Jan 21, 2019",SG,6'5
Kawhi Leonard,Toronto Raptors,East,"Jan 14, 2019",F,6'7
Donovan Mitchell,Utah Jazz,West,"Jan 14, 2019",SG,6'3
Joel Embiid,Philadelphia Sixers,East,"Jan 7, 2019",C,7'0
Nikola Jokic,Denver Nuggets,West,"Jan 7, 2019",C,7'0
Giannis Antetokounmpo,Milwaukee Bucks,East,"Dec 31, 2018",F,6'11
James Harden,Houston Rockets,West,"Dec 31, 2018",SG,6'5
Giannis Antetokounmpo,Milwaukee Bucks,East,"Dec 24, 2018",F,6'11
Paul George,Oklahoma City Thunder,West,"Dec 24, 2018",GF,6'9
Thaddeus Young,Indiana Pacers,East,"Dec 17, 2018",F,6'8
James Harden,Houston Rockets,West,"Dec 17, 2018",SG,6'5
Bradley Beal,Washington Wizards,East,"Dec 10, 2018",SG,6'3
Stephen Curry,Golden State Warriors,West,"Dec 10, 2018",G,6'3
Kawhi Leonard,Toronto Raptors,East,"Dec 3, 2018",F,6'7
Paul Millsap,Denver Nuggets,West,"Dec 3, 2018",FC,6'8
Giannis Antetokounmpo,Milwaukee Bucks,East,"Nov 26, 2018",F,6'11
Tobias Harris,Los Angeles Clippers,West,"Nov 26, 2018",F,6'9
Nikola Vucevic,Orlando Magic,East,"Nov 19, 2018",PF,7'0
Anthony Davis,New Orleans Pelicans,West,"Nov 19, 2018",PF,6'10
Pascal Siakam,Toronto Raptors,East,"Nov 12, 2018",F,6'9
C.J. McCollum,Portland Trail Blazers,West,"Nov 12, 2018",G,6'3
Victor Oladipo,Indiana Pacers,East,"Nov 5, 2018",G,6'4
Russell Westbrook,Oklahoma City Thunder,West,"Nov 5, 2018",G,6'3
Giannis Antetokounmpo,Milwaukee Bucks,East,"Oct 29, 2018",F,6'11
Stephen Curry,Golden State Warriors,West,"Oct 29, 2018",G,6'3
Kemba Walker,Charlotte Hornets,East,"Oct 22, 2018",G,6'1
Nikola Jokic,Denver Nuggets,West,"Oct 22, 2018",C,7'0
Ben Simmons,Philadelphia Sixers,East,"Apr 9, 2018",PF,6'10
Nikola Jokic,Denver Nuggets,West,"Apr 9, 2018",C,7'0
Victor Oladipo,Indiana Pacers,East,"Apr 2, 2018",G,6'4
Damian Lillard,Portland Trail Blazers,West,"Apr 2, 2018",G,6'3
LeBron James,Cleveland Cavaliers,East,"Mar 26, 2018",F,6'8
LaMarcus Aldridge,San Antonio Spurs,West,"Mar 26, 2018",FC,6'11
LeBron James,Cleveland Cavaliers,East,"Mar 19, 2018",F,6'8
Russell Westbrook,Oklahoma City Thunder,West,"Mar 19, 2018",G,6'3
DeMar DeRozan,Toronto Raptors,East,"Mar 12, 2018",GF,6'7
Damian Lillard,Portland Trail Blazers,West,"Mar 12, 2018",G,6'3
DeMar DeRozan,Toronto Raptors,East,"Mar 5, 2018",GF,6'7
Anthony Davis,New Orleans Pelicans,West,"Mar 5, 2018",PF,6'10
Joel Embiid,Philadelphia Sixers,East,"Feb 12, 2018",C,7'0
James Harden,Houston Rockets,West,"Feb 12, 2018",SG,6'5
Andre Drummond,Detroit Pistons,East,"Feb 5, 2018",C,6'11
James Harden,Houston Rockets,West,"Feb 5, 2018",SG,6'5
Khris Middleton,Milwaukee Bucks,East,"Jan 29, 2018",SF,6'8
Stephen Curry,Golden State Warriors,West,"Jan 29, 2018",G,6'3
Joel Embiid,Philadelphia Sixers,East,"Jan 22, 2018",C,7'0
Damian Lillard,Portland Trail Blazers,West,"Jan 22, 2018",G,6'3
Goran Dragic,Miami Heat,East,"Jan 15, 2018",G,6'3
Lou Williams,Los Angeles Clippers,West,"Jan 15, 2018",G,6'1
DeMar DeRozan,Toronto Raptors,East,"Jan 8, 2018",GF,6'7
Stephen Curry,Golden State Warriors,West,"Jan 8, 2018",G,6'3
Bradley Beal,Washington Wizards,East,"Jan 2, 2018",SG,6'3
Lou Williams,Los Angeles Clippers,West,"Jan 2, 2018",G,6'1
DeMar DeRozan,Toronto Raptors,East,"Dec 26, 2017",GF,6'7
Russell Westbrook,Oklahoma City Thunder,West,"Dec 26, 2017",G,6'3
LeBron James,Cleveland Cavaliers,East,"Dec 18, 2017",F,6'8
Chris Paul,Houston Rockets,West,"Dec 18, 2017",PG,6'0
Victor Oladipo,Indiana Pacers,East,"Dec 11, 2017",G,6'4
Kevin Durant,Golden State Warriors,West,"Dec 11, 2017",SF,6'9
LeBron James,Cleveland Cavaliers,East,"Dec 4, 2017",F,6'8
James Harden,Houston Rockets,West,"Dec 4, 2017",SG,6'5
Goran Dragic,Miami Heat,East,"Nov 27, 2017",G,6'3
Anthony Davis,New Orleans Pelicans,West,"Nov 27, 2017",PF,6'10
DeMar DeRozan,Toronto Raptors,East,"Nov 20, 2017",GF,6'7
Karl-Anthony Towns,Minnesota Timberwolves,West,"Nov 20, 2017",C,7'0
Tobias Harris,Detroit Pistons,East,"Nov 13, 2017",F,6'9
Nikola Jokic,Denver Nuggets,West,"Nov 13, 2017",C,7'0
Kristaps Porzingis,New York Knicks,East,"Nov 6, 2017",FC,7'3
James Harden,Houston Rockets,West,"Nov 6, 2017",SG,6'5
Victor Oladipo,Indiana Pacers,East,"Oct 30, 2017",G,6'4
DeMarcus Cousins,New Orleans Pelicans,West,"Oct 30, 2017",C,6'11
Giannis Antetokounmpo,Milwaukee Bucks,East,"Oct 23, 2017",F,6'11
James Harden,Houston Rockets,West,"Oct 23, 2017",SG,6'5
Paul George,Indiana Pacers,East,"Apr 10, 2017",GF,6'9
Russell Westbrook,Oklahoma City Thunder,West,"Apr 10, 2017",G,6'3
Jimmy Butler,Chicago Bulls,East,"Apr 3, 2017",GF,6'8
Stephen Curry,Golden State Warriors,West,"Apr 3, 2017",G,6'3
DeMar DeRozan,Toronto Raptors,East,"Mar 27, 2017",GF,6'7
James Harden,Houston Rockets,West,"Mar 27, 2017",SG,6'5
Hassan Whiteside,Miami Heat,East,"Mar 20, 2017",C,7'1
Damian Lillard,Portland Trail Blazers,West,"Mar 20, 2017",G,6'3
John Wall,Washington Wizards,East,"Mar 13, 2017",PG,6'4
Karl-Anthony Towns,Minnesota Timberwolves,West,"Mar 13, 2017",C,7'0
Kemba Walker,Charlotte Hornets,East,"Mar 6, 2017",G,6'1
Kawhi Leonard,San Antonio Spurs,West,"Mar 6, 2017",F,6'7
LeBron James,Cleveland Cavaliers,East,"Feb 13, 2017",F,6'8
Blake Griffin,Los Angeles Clippers,West,"Feb 13, 2017",PF,6'10
Isaiah Thomas,Boston Celtics,East,"Feb 6, 2017",PG,5'9
Stephen Curry,Golden State Warriors,West,"Feb 6, 2017",G,6'3
Dion Waiters,Miami Heat,East,"Jan 30, 2017",SG,6'4
DeMarcus Cousins,Sacramento Kings,West,"Jan 30, 2017",C,6'11
Joel Embiid,Philadelphia Sixers,East,"Jan 23, 2017",C,7'0
Kawhi Leonard,San Antonio Spurs,West,"Jan 23, 2017",F,6'7
DeMar DeRozan,Toronto Raptors,East,"Jan 16, 2017",GF,6'7
Gordon Hayward,Utah Jazz,West,"Jan 16, 2017",GF,6'8
Jimmy Butler,Chicago Bulls,East,"Jan 9, 2017",GF,6'8
Stephen Curry,Golden State Warriors,West,"Jan 9, 2017",G,6'3
John Wall,Washington Wizards,East,"Jan 2, 2017",PG,6'4
James Harden,Houston Rockets,West,"Jan 2, 2017",SG,6'5
Isaiah Thomas,Boston Celtics,East,"Dec 26, 2016",PG,5'9
Russell Westbrook,Oklahoma City Thunder,West,"Dec 26, 2016",G,6'3
DeMar DeRozan,Toronto Raptors,East,"Dec 19, 2016",GF,6'7
James Harden,Houston Rockets,West,"Dec 19, 2016",SG,6'5
LeBron James,Cleveland Cavaliers,East,"Dec 12, 2016",F,6'8
Marc Gasol,Memphis Grizzlies,West,"Dec 12, 2016",C,7'1
Giannis Antetokounmpo,Milwaukee Bucks,East,"Dec 5, 2016",F,6'11
Russell Westbrook,Oklahoma City Thunder,West,"Dec 5, 2016",G,6'3
Kevin Love,Cleveland Cavaliers,East,"Nov 28, 2016",FC,6'10
Kevin Durant,Golden State Warriors,West,"Nov 28, 2016",SF,6'9
Jimmy Butler,Chicago Bulls,East,"Nov 21, 2016",GF,6'8
Anthony Davis,New Orleans Pelicans,West,"Nov 21, 2016",PF,6'10
DeMar DeRozan,Toronto Raptors,East,"Nov 14, 2016",GF,6'7
James Harden,Houston Rockets,West,"Nov 14, 2016",SG,6'5
LeBron James,Cleveland Cavaliers,East,"Nov 7, 2016",F,6'8
George Hill,Utah Jazz,West,"Nov 7, 2016",G,6'3
LeBron James,Cleveland Cavaliers,East,"Oct 31, 2016",F,6'8
Russell Westbrook,Oklahoma City Thunder,West,"Oct 31, 2016",G,6'3
Paul Millsap,Atlanta Hawks,East,"Apr 11, 2016",FC,6'8
Karl-Anthony Towns,Minnesota Timberwolves,West,"Apr 11, 2016",C,7'0
LeBron James,Cleveland Cavaliers,East,"Apr 4, 2016",F,6'8
J.J. Barea,Dallas Mavericks,West,"Apr 4, 2016",G,6'0
LeBron James,Cleveland Cavaliers,East,"Mar 28, 2016",F,6'8
Klay Thompson,Golden State Warriors,West,"Mar 28, 2016",G,6'7
Kyle Lowry,Toronto Raptors,East,"Mar 21, 2016",PG,6'1
Kevin Durant,Oklahoma City Thunder,West,"Mar 21, 2016",SF,6'9
Kemba Walker,Charlotte Hornets,East,"Mar 14, 2016",G,6'1
Stephen Curry,Golden State Warriors,West,"Mar 14, 2016",G,6'3
LeBron James,Cleveland Cavaliers,East,"Mar 7, 2016",F,6'8
Kawhi Leonard,San Antonio Spurs,West,"Mar 7, 2016",F,6'7
Kyle Lowry,Toronto Raptors,East,"Feb 29, 2016",PG,6'1
Stephen Curry,Golden State Warriors,West,"Feb 29, 2016",G,6'3
Isaiah Thomas,Boston Celtics,East,"Feb 8, 2016",PG,5'9
LaMarcus Aldridge,San Antonio Spurs,West,"Feb 8, 2016",FC,6'11
Dwyane Wade,Miami Heat,East,"Feb 1, 2016",SG,6'4
Kevin Durant,Oklahoma City Thunder,West,"Feb 1, 2016",SF,6'9
Kemba Walker,Charlotte Hornets,East,"Jan 25, 2016",G,6'1
DeMarcus Cousins,Sacramento Kings,West,"Jan 25, 2016",C,6'11
John Wall,Washington Wizards,East,"Jan 18, 2016",PG,6'4
Kevin Durant,Oklahoma City Thunder,West,"Jan 18, 2016",SF,6'9
LeBron James,Cleveland Cavaliers,East,"Jan 11, 2016",F,6'8
Chris Paul,Los Angeles Clippers,West,"Jan 11, 2016",PG,6'0
Brook Lopez,Brooklyn Nets,East,"Jan 4, 2016",C,7'0
Draymond Green,Golden State Warriors,West,"Jan 4, 2016",F,6'7
Marcin Gortat,Washington Wizards,East,"Dec 28, 2015",FC,6'11
Russell Westbrook,Oklahoma City Thunder,West,"Dec 28, 2015",G,6'3
Reggie Jackson,Detroit Pistons,East,"Dec 21, 2015",G,6'3
Kawhi Leonard,San Antonio Spurs,West,"Dec 21, 2015",F,6'7
DeMar DeRozan,Toronto Raptors,East,"Dec 14, 2015",GF,6'7
Kevin Durant,Oklahoma City Thunder,West,"Dec 14, 2015",SF,6'9
Reggie Jackson,Detroit Pistons,East,"Dec 7, 2015",G,6'3
Stephen Curry,Golden State Warriors,West,"Dec 7, 2015",G,6'3
Paul George,Indiana Pacers,East,"Nov 30, 2015",GF,6'9
Kevin Durant,Oklahoma City Thunder,West,"Nov 30, 2015",SF,6'9
LeBron James,Cleveland Cavaliers,East,"Nov 23, 2015",F,6'8
Stephen Curry,Golden State Warriors,West,"Nov 23, 2015",G,6'3
Nicolas Batum,Charlotte Hornets,East,"Nov 16, 2015",F,6'8
DeMarcus Cousins,Sacramento Kings,West,"Nov 16, 2015",C,6'11
Andre Drummond,Detroit Pistons,East,"Nov 9, 2015",C,6'11
James Harden,Houston Rockets,West,"Nov 9, 2015",SG,6'5
Andre Drummond,Detroit Pistons,East,"Nov 2, 2015",C,6'11
Stephen Curry,Golden State Warriors,West,"Nov 2, 2015",G,6'3
Isaiah Thomas,Boston Celtics,East,"Apr 13, 2015",PG,5'9
Tim Duncan,San Antonio Spurs,West,"Apr 13, 2015",FC,6'11
Brook Lopez,Brooklyn Nets,East,"Apr 6, 2015",C,7'0
James Harden,Houston Rockets,West,"Apr 6, 2015",SG,6'5
Brook Lopez,Brooklyn Nets,East,"Mar 30, 2015",C,7'0
Stephen Curry,Golden State Warriors,West,"Mar 30, 2015",G,6'3
Dwyane Wade,Miami Heat,East,"Mar 23, 2015",SG,6'4
Chris Paul,Los Angeles Clippers,West,"Mar 23, 2015",PG,6'0
Kyrie Irving,Cleveland Cavaliers,East,"Mar 16, 2015",G,6'3
Anthony Davis,New Orleans Pelicans,West,"Mar 16, 2015",PF,6'10
Mo Williams,Charlotte Hornets,East,"Mar 9, 2015",G,6'1
Russell Westbrook,Oklahoma City Thunder,West,"Mar 9, 2015",G,6'3
Isaiah Thomas,Boston Celtics,East,"Mar 2, 2015",PG,5'9
Damian Lillard,Portland Trail Blazers,West,"Mar 2, 2015",G,6'3
Giannis Antetokounmpo,Milwaukee Bucks,East,"Feb 9, 2015",F,6'11
Russell Westbrook,Oklahoma City Thunder,West,"Feb 9, 2015",G,6'3
Kyrie Irving,Cleveland Cavaliers,East,"Feb 2, 2015",G,6'3
Zach Randolph,Memphis Grizzlies,West,"Feb 2, 2015",PF,6'9
LeBron James,Cleveland Cavaliers,East,"Jan 26, 2015",F,6'8
Klay Thompson,Golden State Warriors,West,"Jan 26, 2015",G,6'7
Al Horford,Atlanta Hawks,East,"Jan 19, 2015",FC,6'10
Mo Williams,Minnesota Timberwolves,West,"Jan 19, 2015",G,6'1
Kemba Walker,Charlotte Hornets,East,"Jan 12, 2015",G,6'1
Klay Thompson,Golden State Warriors,West,"Jan 12, 2015",G,6'7
Jeff Teague,Atlanta Hawks,East,"Jan 5, 2015",PG,6'2
Kevin Durant,Oklahoma City Thunder,West,"Jan 5, 2015",SF,6'9
Jimmy Butler,Chicago Bulls,East,"Dec 29, 2014",GF,6'8
James Harden,Houston Rockets,West,"Dec 29, 2014",SG,6'5
Al Horford,Atlanta Hawks,East,"Dec 22, 2014",FC,6'10
LaMarcus Aldridge,Portland Trail Blazers,West,"Dec 22, 2014",FC,6'11
John Wall,Washington Wizards,East,"Dec 15, 2014",PG,6'4
James Harden,Houston Rockets,West,"Dec 15, 2014",SG,6'5
Kyle Lowry,Toronto Raptors,East,"Dec 8, 2014",PG,6'1
LaMarcus Aldridge,Portland Trail Blazers,West,"Dec 8, 2014",FC,6'11
LeBron James,Cleveland Cavaliers,East,"Dec 1, 2014",F,6'8
Blake Griffin,Los Angeles Clippers,West,"Dec 1, 2014",PF,6'10
Lou Williams,Toronto Raptors,East,"Nov 24, 2014",G,6'1
DeMarcus Cousins,Sacramento Kings,West,"Nov 24, 2014",C,6'11
LeBron James,Cleveland Cavaliers,East,"Nov 17, 2014",F,6'8
Damian Lillard,Portland Trail Blazers,West,"Nov 17, 2014",G,6'3
Deron Williams,Brooklyn Nets,East,"Nov 10, 2014",PG,6'3
Stephen Curry,Golden State Warriors,West,"Nov 10, 2014",G,6'3
Chris Bosh,Miami Heat,East,"Nov 3, 2014",PF,6'11
Klay Thompson,Golden State Warriors,West,"Nov 3, 2014",G,6'7
Jeff Teague,Atlanta Hawks,East,"Apr 14, 2014",PG,6'2
Monta Ellis,Dallas Mavericks,West,"Apr 14, 2014",G,6'3
Al Jefferson,Charlotte Bobcats,East,"Apr 7, 2014",FC,6'10
Dirk Nowitzki,Dallas Mavericks,West,"Apr 7, 2014",PF,7'0
Nikola Vucevic,Orlando Magic,East,"Mar 31, 2014",PF,7'0
Tim Duncan,San Antonio Spurs,West,"Mar 31, 2014",FC,6'11
Joe Johnson,Brooklyn Nets,East,"Mar 24, 2014",SG,6'7
Kevin Durant,Oklahoma City Thunder,West,"Mar 24, 2014",SF,6'9
Al Jefferson,Charlotte Bobcats,East,"Mar 17, 2014",FC,6'10
Blake Griffin,Los Angeles Clippers,West,"Mar 17, 2014",PF,6'10
Carmelo Anthony,New York Knicks,East,"Mar 10, 2014",F,6'8
James Harden,Houston Rockets,West,"Mar 10, 2014",SG,6'5
John Wall,Washington Wizards,East,"Mar 3, 2014",PG,6'4
James Harden,Houston Rockets,West,"Mar 3, 2014",SG,6'5
Kemba Walker,Charlotte Bobcats,East,"Feb 24, 2014",G,6'1
Kevin Love,Minnesota Timberwolves,West,"Feb 24, 2014",FC,6'10
Jared Sullinger,Boston Celtics,East,"Feb 10, 2014",C,6'9
Kevin Durant,Oklahoma City Thunder,West,"Feb 10, 2014",SF,6'9
Kyle Lowry,Toronto Raptors,East,"Feb 3, 2014",PG,6'1
Goran Dragic,Phoenix Suns,West,"Feb 3, 2014",G,6'3
Paul Millsap,Atlanta Hawks,East,"Jan 27, 2014",FC,6'8
Kevin Durant,Oklahoma City Thunder,West,"Jan 27, 2014",SF,6'9
Paul George,Indiana Pacers,East,"Jan 20, 2014",GF,6'9
Kevin Durant,Oklahoma City Thunder,West,"Jan 20, 2014",SF,6'9
Carmelo Anthony,New York Knicks,East,"Jan 13, 2014",F,6'8
DeMarcus Cousins,Sacramento Kings,West,"Jan 13, 2014",C,6'11
Thaddeus Young,Philadelphia Sixers,East,"Jan 6, 2014",F,6'8
David Lee,Golden State Warriors,West,"Jan 6, 2014",FC,6'9
Chris Bosh,Miami Heat,East,"Dec 30, 2013",PF,6'11
Kevin Durant,Oklahoma City Thunder,West,"Dec 30, 2013",SF,6'9
Dwyane Wade,Miami Heat,East,"Dec 23, 2013",SG,6'4
Blake Griffin,Los Angeles Clippers,West,"Dec 23, 2013",PF,6'10
Kyrie Irving,Cleveland Cavaliers,East,"Dec 16, 2013",G,6'3
LaMarcus Aldridge,Portland Trail Blazers,West,"Dec 16, 2013",FC,6'11
Jordan Crawford,Boston Celtics,East,"Dec 9, 2013",G,6'5
LaMarcus Aldridge,Portland Trail Blazers,West,"Dec 9, 2013",FC,6'11
LeBron James,Miami Heat,East,"Dec 2, 2013",F,6'8
Kevin Durant,Oklahoma City Thunder,West,"Dec 2, 2013",SF,6'9
John Wall,Washington Wizards,East,"Nov 25, 2013",PG,6'4
LaMarcus Aldridge,Portland Trail Blazers,West,"Nov 25, 2013",FC,6'11
LeBron James,Miami Heat,East,"Nov 18, 2013",F,6'8
Blake Griffin,Los Angeles Clippers,West,"Nov 18, 2013",PF,6'10
Paul George,Indiana Pacers,East,"Nov 11, 2013",GF,6'9
Markieff Morris,Phoenix Suns,West,"Nov 11, 2013",PF,6'10
Michael Carter-Williams,Philadelphia Sixers,East,"Nov 4, 2013",PG,6'6
Kevin Love,Minnesota Timberwolves,West,"Nov 4, 2013",FC,6'10
Carmelo Anthony,New York Knicks,East,"Apr 15, 2013",F,6'8
Kobe Bryant,Los Angeles Lakers,West,"Apr 15, 2013",SG,6'6
Carmelo Anthony,New York Knicks,East,"Apr 8, 2013",F,6'8
Nikola Pekovic,Minnesota Timberwolves,West,"Apr 8, 2013",PF,6'11
J.R. Smith,New York Knicks,East,"Apr 1, 2013",SG,6'6
Al Jefferson,Utah Jazz,West,"Apr 1, 2013",FC,6'10
LeBron James,Miami Heat,East,"Mar 25, 2013",F,6'8
James Harden,Houston Rockets,West,"Mar 25, 2013",SG,6'5
John Wall,Washington Wizards,East,"Mar 18, 2013",PG,6'4
LaMarcus Aldridge,Portland Trail Blazers,West,"Mar 18, 2013",FC,6'11
Dwyane Wade,Miami Heat,East,"Mar 11, 2013",SG,6'4
Kobe Bryant,Los Angeles Lakers,West,"Mar 11, 2013",SG,6'6
Monta Ellis,Milwaukee Bucks,East,"Mar 4, 2013",G,6'3
Ty Lawson,Denver Nuggets,West,"Mar 4, 2013",PG,5'11
LeBron James,Miami Heat,East,"Feb 25, 2013",F,6'8
Kobe Bryant,Los Angeles Lakers,West,"Feb 25, 2013",SG,6'6
LeBron James,Miami Heat,East,"Feb 11, 2013",F,6'8
Russell Westbrook,Oklahoma City Thunder,West,"Feb 11, 2013",G,6'3
Nate Robinson,Chicago Bulls,East,"Feb 4, 2013",G,5'9
David Lee,Golden State Warriors,West,"Feb 4, 2013",FC,6'9
Kyrie Irving,Cleveland Cavaliers,East,"Jan 28, 2013",G,6'3
Tony Parker,San Antonio Spurs,West,"Jan 28, 2013",G,6'2
Carlos Boozer,Chicago Bulls,East,"Jan 21, 2013",PF,6'9
Kevin Durant,Oklahoma City Thunder,West,"Jan 21, 2013",SF,6'9
Brandon Jennings,Milwaukee Bucks,East,"Jan 14, 2013",G,6'1
Kevin Durant,Oklahoma City Thunder,West,"Jan 14, 2013",SF,6'9
Carmelo Anthony,New York Knicks,East,"Jan 7, 2013",F,6'8
James Harden,Houston Rockets,West,"Jan 7, 2013",SG,6'5
Monta Ellis,Milwaukee Bucks,East,"Dec 31, 2012",G,6'3
Greivis Vasquez,New Orleans Hornets,West,"Dec 31, 2012",G,6'6
LeBron James,Miami Heat,East,"Dec 24, 2012",F,6'8
Chris Paul,Los Angeles Clippers,West,"Dec 24, 2012",PG,6'0
Paul George,Indiana Pacers,East,"Dec 17, 2012",GF,6'9
David Lee,Golden State Warriors,West,"Dec 17, 2012",FC,6'9
Josh Smith,Atlanta Hawks,East,"Dec 10, 2012",PF,6'9
Blake Griffin,Los Angeles Clippers,West,"Dec 10, 2012",PF,6'10
Carmelo Anthony,New York Knicks,East,"Dec 3, 2012",F,6'8
Kevin Durant,Oklahoma City Thunder,West,"Dec 3, 2012",SF,6'9
Al Horford,Atlanta Hawks,East,"Nov 26, 2012",FC,6'10
Tim Duncan,San Antonio Spurs,West,"Nov 26, 2012",FC,6'11
LeBron James,Miami Heat,East,"Nov 19, 2012",F,6'8
Kevin Durant,Oklahoma City Thunder,West,"Nov 19, 2012",SF,6'9
LeBron James,Miami Heat,East,"Nov 12, 2012",F,6'8
Kenneth Faried,Denver Nuggets,West,"Nov 12, 2012",F,6'8
Brandon Jennings,Milwaukee Bucks,East,"Nov 5, 2012",G,6'1
James Harden,Houston Rockets,West,"Nov 5, 2012",SG,6'5
LeBron James,Miami Heat,East,"Apr 23, 2012",F,6'8
Al Jefferson,Utah Jazz,West,"Apr 23, 2012",FC,6'10
Kevin Garnett,Boston Celtics,East,"Apr 16, 2012",PF,6'11
Andrew Bynum,Los Angeles Lakers,West,"Apr 16, 2012",C,7'0
LeBron James,Miami Heat,East,"Apr 9, 2012",F,6'8
Goran Dragic,Houston Rockets,West,"Apr 9, 2012",G,6'3
Paul Pierce,Boston Celtics,East,"Apr 2, 2012",SF,6'7
Chris Paul,Los Angeles Clippers,West,"Apr 2, 2012",PG,6'0
Joe Johnson,Atlanta Hawks,East,"Mar 26, 2012",SG,6'7
Kevin Durant,Oklahoma City Thunder,West,"Mar 26, 2012",SF,6'9
Drew Gooden,Milwaukee Bucks,East,"Mar 19, 2012",FC,6'10
Andrew Bynum,Los Angeles Lakers,West,"Mar 19, 2012",C,7'0
Ersan Ilyasova,Milwaukee Bucks,East,"Mar 12, 2012",F,6'10
Monta Ellis,Golden State Warriors,West,"Mar 12, 2012",G,6'3
Derrick Rose,Chicago Bulls,East,"Mar 5, 2012",PG,6'3
Ty Lawson,Denver Nuggets,West,"Mar 5, 2012",PG,5'11
LeBron James,Miami Heat,East,"Feb 20, 2012",F,6'8
Kevin Durant,Oklahoma City Thunder,West,"Feb 20, 2012",SF,6'9
Jeremy Lin,New York Knicks,East,"Feb 13, 2012",G,6'3
Russell Westbrook,Oklahoma City Thunder,West,"Feb 13, 2012",G,6'3
Paul Pierce,Boston Celtics,East,"Feb 6, 2012",SF,6'7
Tony Parker,San Antonio Spurs,West,"Feb 6, 2012",G,6'2
LeBron James,Miami Heat,East,"Jan 30, 2012",F,6'8
Russell Westbrook,Oklahoma City Thunder,West,"Jan 30, 2012",G,6'3
Dwight Howard,Orlando Magic,East,"Jan 23, 2012",C,6'11
Marc Gasol,Memphis Grizzlies,West,"Jan 23, 2012",C,7'1
Derrick Rose,Chicago Bulls,East,"Jan 16, 2012",PG,6'3
Kobe Bryant,Los Angeles Lakers,West,"Jan 16, 2012",SG,6'6
LeBron James,Miami Heat,East,"Jan 9, 2012",F,6'8
Kobe Bryant,Los Angeles Lakers,West,"Jan 9, 2012",SG,6'6
LeBron James,Miami Heat,East,"Jan 3, 2012",F,6'8
Kevin Durant,Oklahoma City Thunder,West,"Jan 3, 2012",SF,6'9
Carmelo Anthony,New York Knicks,East,"Apr 11, 2011",F,6'8
Kevin Durant,Oklahoma City Thunder,West,"Apr 11, 2011",SF,6'9
Carmelo Anthony,New York Knicks,East,"Apr 4, 2011",F,6'8
Zach Randolph,Memphis Grizzlies,West,"Apr 4, 2011",PF,6'9
Dwight Howard,Orlando Magic,East,"Mar 28, 2011",C,6'11
Kobe Bryant,Los Angeles Lakers,West,"Mar 28, 2011",SG,6'6
LeBron James,Miami Heat,East,"Mar 21, 2011",F,6'8
Kyle Lowry,Houston Rockets,West,"Mar 21, 2011",PG,6'1
Dwyane Wade,Miami Heat,East,"Mar 14, 2011",SG,6'4
Tony Parker,San Antonio Spurs,West,"Mar 14, 2011",G,6'2
Paul Pierce,Boston Celtics,East,"Mar 7, 2011",SF,6'7
Russell Westbrook,Oklahoma City Thunder,West,"Mar 7, 2011",G,6'3
Dwight Howard,Orlando Magic,East,"Feb 28, 2011",C,6'11
Kevin Martin,Houston Rockets,West,"Feb 28, 2011",SG,6'7
Dwight Howard,Orlando Magic,East,"Feb 14, 2011",C,6'11
LaMarcus Aldridge,Portland Trail Blazers,West,"Feb 14, 2011",FC,6'11
LeBron James,Miami Heat,East,"Feb 7, 2011",F,6'8
Kevin Durant,Oklahoma City Thunder,West,"Feb 7, 2011",SF,6'9
LeBron James,Miami Heat,East,"Jan 31, 2011",F,6'8
Zach Randolph,Memphis Grizzlies,West,"Jan 31, 2011",PF,6'9
Dwight Howard,Orlando Magic,East,"Jan 24, 2011",C,6'11
LaMarcus Aldridge,Portland Trail Blazers,West,"Jan 24, 2011",FC,6'11
Derrick Rose,Chicago Bulls,East,"Jan 18, 2011",PG,6'3
Russell Westbrook,Oklahoma City Thunder,West,"Jan 18, 2011",G,6'3
LeBron James,Miami Heat,East,"Jan 10, 2011",F,6'8
Zach Randolph,Memphis Grizzlies,West,"Jan 10, 2011",PF,6'9
Dwyane Wade,Miami Heat,East,"Jan 3, 2011",SG,6'4
Chauncey Billups,Denver Nuggets,West,"Jan 3, 2011",G,6'3
LeBron James,Miami Heat,East,"Dec 27, 2010",F,6'8
Monta Ellis,Golden State Warriors,West,"Dec 27, 2010",G,6'3
Paul Pierce,Boston Celtics,East,"Dec 20, 2010",SF,6'7
Tony Parker,San Antonio Spurs,West,"Dec 20, 2010",G,6'2
Dwyane Wade,Miami Heat,East,"Dec 13, 2010",SG,6'4
Dirk Nowitzki,Dallas Mavericks,West,"Dec 13, 2010",PF,7'0
Amar'e Stoudemire,New York Knicks,East,"Dec 6, 2010",FC,6'10
Russell Westbrook,Oklahoma City Thunder,West,"Dec 6, 2010",G,6'3
Dwight Howard,Orlando Magic,East,"Nov 29, 2010",C,6'11
Dirk Nowitzki,Dallas Mavericks,West,"Nov 29, 2010",PF,7'0
Amar'e Stoudemire,New York Knicks,East,"Nov 22, 2010",FC,6'10
Russell Westbrook,Oklahoma City Thunder,West,"Nov 22, 2010",G,6'3
Derrick Rose,Chicago Bulls,East,"Nov 15, 2010",PG,6'3
Deron Williams,Utah Jazz,West,"Nov 15, 2010",PG,6'3
Dwight Howard,Orlando Magic,East,"Nov 8, 2010",C,6'11
Chris Paul,New Orleans Hornets,West,"Nov 8, 2010",PG,6'0
Rajon Rondo,Boston Celtics,East,"Nov 1, 2010",PG,6'1
Pau Gasol,Los Angeles Lakers,West,"Nov 1, 2010",FC,7'0
Dwight Howard,Orlando Magic,East,"Apr 12, 2010",C,6'11
Dirk Nowitzki,Dallas Mavericks,West,"Apr 12, 2010",PF,7'0
Chris Bosh,Toronto Raptors,East,"Apr 5, 2010",PF,6'11
Kevin Durant,Oklahoma City Thunder,West,"Apr 5, 2010",SF,6'9
Dwyane Wade,Miami Heat,East,"Mar 29, 2010",SG,6'4
Manu Ginobili,San Antonio Spurs,West,"Mar 29, 2010",SG,6'6
Paul Pierce,Boston Celtics,East,"Mar 22, 2010",SF,6'7
Pau Gasol,Los Angeles Lakers,West,"Mar 22, 2010",FC,7'0
Andrew Bogut,Milwaukee Bucks,East,"Mar 15, 2010",C,7'0
Brandon Roy,Portland Trail Blazers,West,"Mar 15, 2010",G,6'6
Dwyane Wade,Miami Heat,East,"Mar 8, 2010",SG,6'4
Dirk Nowitzki,Dallas Mavericks,West,"Mar 8, 2010",PF,7'0
LeBron James,Cleveland Cavaliers,East,"Mar 1, 2010",F,6'8
Dirk Nowitzki,Dallas Mavericks,West,"Mar 1, 2010",PF,7'0
Dwight Howard,Orlando Magic,East,"Feb 22, 2010",C,6'11
Carlos Boozer,Utah Jazz,West,"Feb 22, 2010",PF,6'9
LeBron James,Cleveland Cavaliers,East,"Feb 8, 2010",F,6'8
Russell Westbrook,Oklahoma City Thunder,West,"Feb 8, 2010",G,6'3
Chris Bosh,Toronto Raptors,East,"Feb 1, 2010",PF,6'11
Kevin Durant,Oklahoma City Thunder,West,"Feb 1, 2010",SF,6'9
LeBron James,Cleveland Cavaliers,East,"Jan 25, 2010",F,6'8
Chauncey Billups,Denver Nuggets,West,"Jan 25, 2010",G,6'3
Stephen Jackson,Charlotte Bobcats,East,"Jan 19, 2010",GF,6'8
Carmelo Anthony,Denver Nuggets,West,"Jan 19, 2010",F,6'8
LeBron James,Cleveland Cavaliers,East,"Jan 11, 2010",F,6'8
Chris Kaman,Los Angeles Clippers,East,"Jan 11, 2010",C,7'0
Derrick Rose,Chicago Bulls,East,"Jan 4, 2010",PG,6'3
Kevin Durant,Oklahoma City Thunder,West,"Jan 4, 2010",SF,6'9
LeBron James,Cleveland Cavaliers,East,"Dec 28, 2009",F,6'8
Kobe Bryant,Los Angeles Lakers,West,"Dec 28, 2009",SG,6'6
Dwight Howard,Orlando Magic,East,"Dec 21, 2009",C,6'11
Kobe Bryant,Los Angeles Lakers,West,"Dec 21, 2009",SG,6'6
Rodney Stuckey,Detroit Pistons,East,"Dec 14, 2009",G,6'5
Deron Williams,Utah Jazz,West,"Dec 14, 2009",PG,6'3
Kevin Garnett,Boston Celtics,East,"Dec 7, 2009",PF,6'11
Carlos Boozer,Utah Jazz,West,"Dec 7, 2009",PF,6'9
Gerald Wallace,Charlotte Bobcats,East,"Nov 30, 2009",F,6'7
Tim Duncan,San Antonio Spurs,West,"Nov 30, 2009",FC,6'11
LeBron James,Cleveland Cavaliers,East,"Nov 23, 2009",F,6'8
Kobe Bryant,Los Angeles Lakers,West,"Nov 23, 2009",SG,6'6
Brandon Jennings,Milwaukee Bucks,East,"Nov 16, 2009",G,6'1
Dirk Nowitzki,Dallas Mavericks,West,"Nov 16, 2009",PF,7'0
Joe Johnson,Atlanta Hawks,East,"Nov 9, 2009",SG,6'7
Chris Kaman,Los Angeles Clippers,West,"Nov 9, 2009",C,7'0
Dwight Howard,Orlando Magic,East,"Nov 2, 2009",C,6'11
Carmelo Anthony,Denver Nuggets,West,"Nov 2, 2009",F,6'8
Ben Gordon,Chicago Bulls,East,"Apr 13, 2009",SG,6'3
Brandon Roy,Portland Trail Blazers,West,"Apr 13, 2009",G,6'6
Dwight Howard,Orlando Magic,East,"Apr 6, 2009",C,6'11
Jason Kidd,Dallas Mavericks,West,"Apr 6, 2009",PG,6'4
Dwight Howard,Orlando Magic,East,"Mar 30, 2009",C,6'11
Tony Parker,San Antonio Spurs,West,"Mar 30, 2009",G,6'2
LeBron James,Cleveland Cavaliers,East,"Mar 23, 2009",F,6'8
Chris Paul,New Orleans Hornets,West,"Mar 23, 2009",PG,6'0
LeBron James,Cleveland Cavaliers,East,"Mar 16, 2009",F,6'8
Kobe Bryant,Los Angeles Lakers,West,"Mar 16, 2009",SG,6'6
Dwyane Wade,Miami Heat,East,"Mar 9, 2009",SG,6'4
Deron Williams,Utah Jazz,West,"Mar 9, 2009",PG,6'3
Devin Harris,New Jersey Nets,East,"Mar 2, 2009",G,6'3
David West,New Orleans Hornets,West,"Mar 2, 2009",PF,6'9
Dwight Howard,Orlando Magic,East,"Feb 23, 2009",C,6'11
Pau Gasol,Los Angeles Lakers,West,"Feb 23, 2009",FC,7'0
LeBron James,Cleveland Cavaliers,East,"Feb 9, 2009",F,6'8
Pau Gasol,Los Angeles Lakers,West,"Feb 9, 2009",FC,7'0
David Lee,New York Knicks,East,"Feb 2, 2009",FC,6'9
Tony Parker,San Antonio Spurs,West,"Feb 2, 2009",G,6'2
LeBron James,Cleveland Cavaliers,East,"Jan 26, 2009",F,6'8
Andrew Bynum,Los Angeles Lakers,West,"Jan 26, 2009",C,7'0
Jameer Nelson,Orlando Magic,East,"Jan 19, 2009",G,6'0
Chris Paul,New Orleans Hornets,West,"Jan 19, 2009",PG,6'0
Dwight Howard,Orlando Magic,East,"Jan 12, 2009",C,6'11
Kobe Bryant,Los Angeles Lakers,West,"Jan 12, 2009",SG,6'6
Rodney Stuckey,Detroit Pistons,East,"Jan 5, 2009",G,6'5
Al Jefferson,Minnesota Timberwolves,West,"Jan 5, 2009",FC,6'10
LeBron James,Cleveland Cavaliers,East,"Dec 29, 2008",F,6'8
Kobe Bryant,Los Angeles Lakers,West,"Dec 29, 2008",SG,6'6
Jameer Nelson,Orlando Magic,East,"Dec 22, 2008",G,6'0
Chris Paul,New Orleans Hornets,West,"Dec 22, 2008",PG,6'0
Al Harrington,New York Knicks,East,"Dec 15, 2008",F,6'9
Tim Duncan,San Antonio Spurs,West,"Dec 15, 2008",FC,6'11
Dwyane Wade,Miami Heat,East,"Dec 8, 2008",SG,6'4
Dirk Nowitzki,Dallas Mavericks,West,"Dec 8, 2008",PF,7'0
Devin Harris,New Jersey Nets,East,"Dec 1, 2008",G,6'3
Brandon Roy,Portland Trail Blazers,West,"Dec 1, 2008",G,6'6
Dwyane Wade,Miami Heat,East,"Nov 24, 2008",SG,6'4
Dirk Nowitzki,Dallas Mavericks,West,"Nov 24, 2008",PF,7'0
LeBron James,Cleveland Cavaliers,East,"Nov 17, 2008",F,6'8
Chauncey Billups,Denver Nuggets,West,"Nov 17, 2008",G,6'3
LeBron James,Cleveland Cavaliers,East,"Nov 10, 2008",F,6'8
Amar'e Stoudemire,Phoenix Suns,West,"Nov 10, 2008",FC,6'10
Chris Bosh,Toronto Raptors,East,"Nov 3, 2008",PF,6'11
Chris Paul,New Orleans Hornets,West,"Nov 3, 2008",PG,6'0
Kevin Garnett,Boston Celtics,East,"Apr 13, 2008",PF,6'11
Allen Iverson,Denver Nuggets,West,"Apr 13, 2008",G,6'0
Joe Johnson,Atlanta Hawks,East,"Apr 6, 2008",SG,6'7
Kobe Bryant,Los Angeles Lakers,West,"Apr 6, 2008",SG,6'6
Jason Richardson,Charlotte Bobcats,East,"Mar 30, 2008",GF,6'6
Carmelo Anthony,Denver Nuggets,West,"Mar 30, 2008",F,6'8
Kevin Garnett,Boston Celtics,East,"Mar 23, 2008",PF,6'11
Chris Paul,New Orleans Hornets,West,"Mar 23, 2008",PG,6'0
Antawn Jamison,Washington Wizards,East,"Mar 16, 2008",F,6'9
Amar'e Stoudemire,Phoenix Suns,West,"Mar 16, 2008",FC,6'10
Jason Richardson,Charlotte Bobcats,East,"Mar 9, 2008",GF,6'6
Tracy McGrady,Houston Rockets,West,"Mar 9, 2008",GF,6'8
Andre Miller,Philadelphia Sixers,East,"Mar 2, 2008",PG,6'3
Kobe Bryant,Los Angeles Lakers,West,"Mar 2, 2008",SG,6'6
LeBron James,Cleveland Cavaliers,East,"Feb 24, 2008",F,6'8
Manu Ginobili,San Antonio Spurs,West,"Feb 24, 2008",SG,6'6
Andre Miller,Philadelphia Sixers,East,"Feb 10, 2008",PG,6'3
Amar'e Stoudemire,Phoenix Suns,West,"Feb 10, 2008",FC,6'10
Hedo Turkoglu,Orlando Magic,East,"Feb 3, 2008",F,6'10
Brad Miller,Sacramento Kings,West,"Feb 3, 2008",C,7'0
Hedo Turkoglu,Orlando Magic,East,"Jan 27, 2008",F,6'10
Al Jefferson,Minnesota Timberwolves,West,"Jan 27, 2008",FC,6'10
Gerald Wallace,Charlotte Bobcats,East,"Jan 20, 2008",F,6'7
Baron Davis,Golden State Warriors,West,"Jan 20, 2008",G,6'3
Chris Bosh,Toronto Raptors,East,"Jan 13, 2008",PF,6'11
Kobe Bryant,Los Angeles Lakers,West,"Jan 13, 2008",SG,6'6
LeBron James,Cleveland Cavaliers,East,"Jan 6, 2008",F,6'8
Allen Iverson,Denver Nuggets,West,"Jan 6, 2008",G,6'0
Paul Pierce,Boston Celtics,East,"Dec 30, 2007",SF,6'7
Chris Paul,New Orleans Hornets,West,"Dec 30, 2007",PG,6'0
Joe Johnson,Atlanta Hawks,East,"Dec 23, 2007",SG,6'7
Carmelo Anthony,Denver Nuggets,West,"Dec 23, 2007",F,6'8
Paul Pierce,Boston Celtics,East,"Dec 16, 2007",SF,6'7
Brandon Roy,Portland Trail Blazers,West,"Dec 16, 2007",G,6'6
Josh Smith,Atlanta Hawks,East,"Dec 9, 2007",PF,6'9
Brandon Roy,Portland Trail Blazers,West,"Dec 9, 2007",G,6'6
Dwight Howard,Orlando Magic,East,"Dec 2, 2007",C,6'11
Stephen Jackson,Golden State Warriors,West,"Dec 2, 2007",GF,6'8
LeBron James,Cleveland Cavaliers,East,"Nov 25, 2007",F,6'8
Tony Parker,San Antonio Spurs,West,"Nov 25, 2007",G,6'2
Dwight Howard,Orlando Magic,East,"Nov 18, 2007",C,6'11
Allen Iverson,Denver Nuggets,West,"Nov 18, 2007",G,6'0
Kevin Garnett,Boston Celtics,East,"Nov 11, 2007",PF,6'11
Yao Ming,Houston Rockets,West,"Nov 11, 2007",C,7'6
Danny Granger,Indiana Pacers,East,"Nov 4, 2007",GF,6'9
Tracy McGrady,Houston Rockets,West,"Nov 4, 2007",GF,6'8
Ben Gordon,Chicago Bulls,East,"Apr 15, 2007",SG,6'3
Tracy McGrady,Houston Rockets,West,"Apr 15, 2007",GF,6'8
Gerald Wallace,Charlotte Bobcats,East,"Apr 8, 2007",F,6'7
Tim Duncan,San Antonio Spurs,West,"Apr 8, 2007",FC,6'11
Chris Bosh,Toronto Raptors,East,"Apr 1, 2007",PF,6'11
Yao Ming,Houston Rockets,West,"Apr 1, 2007",C,7'6
Gerald Wallace,Charlotte Bobcats,East,"Mar 25, 2007",F,6'7
Kobe Bryant,Los Angeles Lakers,West,"Mar 25, 2007",SG,6'6
Jason Kidd,New Jersey Nets,East,"Mar 18, 2007",PG,6'4
Kobe Bryant,Los Angeles Lakers,West,"Mar 18, 2007",SG,6'6
LeBron James,Cleveland Cavaliers,East,"Mar 11, 2007",F,6'8
Manu Ginobili,San Antonio Spurs,West,"Mar 11, 2007",SG,6'6
Al Jefferson,Boston Celtics,East,"Mar 4, 2007",FC,6'10
Kevin Martin,Sacramento Kings,West,"Mar 4, 2007",SG,6'7
Vince Carter,New Jersey Nets,East,"Feb 25, 2007",SF,6'6
Amar'e Stoudemire,Phoenix Suns,West,"Feb 25, 2007",FC,6'10
Dwyane Wade,Miami Heat,East,"Feb 11, 2007",SG,6'4
Carmelo Anthony,Denver Nuggets,West,"Feb 11, 2007",F,6'8
Dwyane Wade,Miami Heat,East,"Feb 4, 2007",SG,6'4
Mehmet Okur,Utah Jazz,West,"Feb 4, 2007",FC,6'11
Ben Gordon,Chicago Bulls,East,"Jan 28, 2007",SG,6'3
Steve Nash,Phoenix Suns,West,"Jan 28, 2007",G,6'3
Caron Butler,Washington Wizards,East,"Jan 21, 2007",SF,6'7
Steve Nash,Phoenix Suns,West,"Jan 21, 2007",G,6'3
Dwyane Wade,Miami Heat,East,"Jan 14, 2007",SG,6'4
Dirk Nowitzki,Dallas Mavericks,West,"Jan 14, 2007",PF,7'0
Gilbert Arenas,Washington Wizards,East,"Jan 7, 2007",G,6'3
Kevin Garnett,Minnesota Timberwolves,West,"Jan 7, 2007",PF,6'11
Michael Redd,Milwaukee Bucks,East,"Dec 31, 2006",G,6'6
Josh Howard,Dallas Mavericks,West,"Dec 31, 2006",GF,6'7
Mo Williams,Milwaukee Bucks,East,"Dec 24, 2006",G,6'1
Josh Howard,Dallas Mavericks,West,"Dec 24, 2006",GF,6'7
Gilbert Arenas,Washington Wizards,East,"Dec 17, 2006",G,6'3
Carlos Boozer,Utah Jazz,West,"Dec 17, 2006",PF,6'9
Gilbert Arenas,Washington Wizards,East,"Dec 10, 2006",G,6'3
Steve Nash,Phoenix Suns,West,"Dec 10, 2006",G,6'3
Michael Redd,Milwaukee Bucks,East,"Dec 3, 2006",G,6'6
Carmelo Anthony,Denver Nuggets,West,"Dec 3, 2006",F,6'8
Dwight Howard,Orlando Magic,East,"Nov 26, 2006",C,6'11
Carmelo Anthony,Denver Nuggets,West,"Nov 26, 2006",F,6'8
LeBron James,Cleveland Cavaliers,East,"Nov 19, 2006",F,6'8
Dirk Nowitzki,Dallas Mavericks,West,"Nov 19, 2006",PF,7'0
Joe Johnson,Atlanta Hawks,East,"Nov 12, 2006",SG,6'7
Yao Ming,Houston Rockets,West,"Nov 12, 2006",C,7'6
Allen Iverson,Philadelphia Sixers,East,"Nov 6, 2006",G,6'0
Carlos Boozer,Utah Jazz,West,"Nov 6, 2006",PF,6'9
Ben Gordon,Chicago Bulls,East,"Apr 16, 2006",SG,6'3
Kobe Bryant,Los Angeles Lakers,West,"Apr 16, 2006",SG,6'6
Jamal Crawford,New York Knicks,East,"Apr 9, 2006",SG,6'5
Chris Wilcox,Seattle SuperSonics,West,"Apr 9, 2006",FC,6'10
LeBron James,Cleveland Cavaliers,East,"Apr 2, 2006",F,6'8
Yao Ming,Houston Rockets,West,"Apr 2, 2006",C,7'6
LeBron James,Cleveland Cavaliers,East,"Mar 26, 2006",F,6'8
Pau Gasol,Memphis Grizzlies,West,"Mar 26, 2006",FC,7'0
LeBron James,Cleveland Cavaliers,East,"Mar 19, 2006",F,6'8
Carmelo Anthony,Denver Nuggets,West,"Mar 19, 2006",F,6'8
Paul Pierce,Boston Celtics,East,"Mar 12, 2006",SF,6'7
Mike Bibby,Sacramento Kings,West,"Mar 12, 2006",G,6'2
Allen Iverson,Philadelphia Sixers,East,"Mar 5, 2006",G,6'0
Pau Gasol,Memphis Grizzlies,West,"Mar 5, 2006",FC,7'0
Gilbert Arenas,Washington Wizards,East,"Feb 27, 2006",G,6'3
Yao Ming,Houston Rockets,West,"Feb 27, 2006",C,7'6
Gilbert Arenas,Washington Wizards,East,"Feb 13, 2006",G,6'3
Tony Parker,San Antonio Spurs,West,"Feb 13, 2006",G,6'2
Chris Bosh,Toronto Raptors,East,"Feb 6, 2006",PF,6'11
Chris Paul,New Orleans Hornets,West,"Feb 6, 2006",PG,6'0
LeBron James,Cleveland Cavaliers,East,"Jan 30, 2006",F,6'8
Elton Brand,Los Angeles Clippers,West,"Jan 30, 2006",PF,6'9
Richard Hamilton,Detroit Pistons,East,"Jan 22, 2006",SG,6'7
Kobe Bryant,Los Angeles Lakers,West,"Jan 22, 2006",SG,6'6
Allen Iverson,Philadelphia Sixers,East,"Jan 15, 2006",G,6'0
Kevin Garnett,Minnesota Timberwolves,West,"Jan 15, 2006",PF,6'11
Mike James,Toronto Raptors,East,"Jan 8, 2006",G,6'2
Steve Nash,Phoenix Suns,West,"Jan 8, 2006",G,6'3
Dwyane Wade,Miami Heat,East,"Jan 1, 2006",SG,6'4
Shawn Marion,Phoenix Suns,West,"Jan 1, 2006",F,6'7
Vince Carter,New Jersey Nets,East,"Dec 26, 2005",SF,6'6
Kobe Bryant,Los Angeles Lakers,West,"Dec 26, 2005",SG,6'6
Joe Johnson,Atlanta Hawks,East,"Dec 19, 2005",SG,6'7
Kobe Bryant,Los Angeles Lakers,West,"Dec 19, 2005",SG,6'6
Allen Iverson,Philadelphia Sixers,East,"Dec 12, 2005",G,6'0
Elton Brand,Los Angeles Clippers,West,"Dec 12, 2005",PF,6'9
Dwyane Wade,Miami Heat,East,"Dec 5, 2005",SG,6'4
Baron Davis,Golden State Warriors,West,"Dec 5, 2005",G,6'3
Gerald Wallace,Charlotte Bobcats,East,"Nov 28, 2005",F,6'7
Steve Nash,Phoenix Suns,West,"Nov 28, 2005",G,6'3
LeBron James,Cleveland Cavaliers,East,"Nov 21, 2005",F,6'8
Elton Brand,Los Angeles Clippers,West,"Nov 21, 2005",PF,6'9
Gilbert Arenas,Washington Wizards,East,"Nov 14, 2005",G,6'3
Marcus Camby,Denver Nuggets,West,"Nov 14, 2005",C,6'11
T.J. Ford,Milwaukee Bucks,East,"Nov 7, 2005",PG,6'0
Kobe Bryant,Los Angeles Lakers,West,"Nov 7, 2005",SG,6'6
Jason Kidd,New Jersey Nets,East,"Apr 17, 2005",PG,6'4
Tracy McGrady,Houston Rockets,West,"Apr 17, 2005",GF,6'8
Vince Carter,New Jersey Nets,East,"Apr 10, 2005",SF,6'6
Baron Davis,Golden State Warriors,West,"Apr 10, 2005",G,6'3
Reggie Miller,Indiana Pacers,East,"Apr 3, 2005",SG,6'7
Baron Davis,Golden State Warriors,West,"Apr 3, 2005",G,6'3
Allen Iverson,Philadelphia Sixers,East,"Mar 27, 2005",G,6'0
Ray Allen,Seattle SuperSonics,West,"Mar 27, 2005",SG,6'5
Chauncey Billups,Detroit Pistons,East,"Mar 20, 2005",G,6'3
Jason Richardson,Golden State Warriors,West,"Mar 20, 2005",GF,6'6
Paul Pierce,Boston Celtics,East,"Mar 13, 2005",SF,6'7
Tracy McGrady,Houston Rockets,West,"Mar 13, 2005",GF,6'8
Allen Iverson,Philadelphia Sixers,East,"Mar 6, 2005",G,6'0
Marcus Camby,Denver Nuggets,West,"Mar 6, 2005",C,6'11
Jalen Rose,Toronto Raptors,East,"Feb 27, 2005",G,6'8
Mike Bibby,Sacramento Kings,West,"Feb 27, 2005",G,6'2
Allen Iverson,Philadelphia Sixers,East,"Feb 13, 2005",G,6'0
Steve Nash,Phoenix Suns,West,"Feb 13, 2005",G,6'3
Paul Pierce,Boston Celtics,East,"Feb 6, 2005",SF,6'7
Tracy McGrady,Houston Rockets,West,"Feb 6, 2005",GF,6'8
Vince Carter,New Jersey Nets,East,"Jan 30, 2005",SF,6'6
Brad Miller,Sacramento Kings,West,"Jan 30, 2005",C,7'0
LeBron James,Cleveland Cavaliers,East,"Jan 23, 2005",F,6'8
Jason Terry,Dallas Mavericks,West,"Jan 23, 2005",G,6'2
Larry Hughes,Washington Wizards,East,"Jan 16, 2005",G,6'5
Tracy McGrady,Houston Rockets,West,"Jan 16, 2005",GF,6'8
Chris Bosh,Toronto Raptors,East,"Jan 9, 2005",PF,6'11
Bruce Bowen,San Antonio Spurs,West,"Jan 9, 2005",F,6'7
Stephon Marbury,New York Knicks,East,"Jan 2, 2005",G,6'2
Pau Gasol,Memphis Grizzlies,West,"Jan 2, 2005",FC,7'0
Allen Iverson,Philadelphia Sixers,East,"Dec 26, 2004",G,6'0
Steve Nash,Phoenix Suns,West,"Dec 26, 2004",G,6'3
Shaquille O'Neal,Miami Heat,East,"Dec 19, 2004",C,7'1
Shawn Marion,Phoenix Suns,West,"Dec 19, 2004",F,6'7
Richard Jefferson,New Jersey Nets,East,"Dec 12, 2004",SF,6'7
Amar'e Stoudemire,Phoenix Suns,West,"Dec 12, 2004",FC,6'10
Gilbert Arenas,Washington Wizards,East,"Dec 5, 2004",G,6'3
Dirk Nowitzki,Dallas Mavericks,West,"Dec 5, 2004",PF,7'0
LeBron James,Cleveland Cavaliers,East,"Nov 28, 2004",F,6'8
Shawn Marion,Phoenix Suns,West,"Nov 28, 2004",F,6'7
Grant Hill,Orlando Magic,East,"Nov 21, 2004",SF,6'8
Amar'e Stoudemire,Phoenix Suns,West,"Nov 21, 2004",FC,6'10
LeBron James,Cleveland Cavaliers,East,"Nov 14, 2004",F,6'8
Ray Allen,Seattle SuperSonics,West,"Nov 14, 2004",SG,6'5
Dwyane Wade,Miami Heat,East,"Nov 7, 2004",SG,6'4
Kevin Garnett,Minnesota Timberwolves,West,"Nov 7, 2004",PF,6'11
Jamaal Magloire,New Orleans Hornets,East,"Apr 12, 2004",C,6'11
Carmelo Anthony,Denver Nuggets,West,"Apr 12, 2004",F,6'8
Richard Jefferson,New Jersey Nets,East,"Apr 5, 2004",SF,6'7
Dirk Nowitzki,Dallas Mavericks,West,"Apr 5, 2004",PF,7'0
Metta World Peace,Indiana Pacers,East,"Mar 29, 2004",SF,6'7
Kobe Bryant,Los Angeles Lakers,West,"Mar 29, 2004",SG,6'6
Vince Carter,Toronto Raptors,East,"Mar 21, 2004",SF,6'6
Shaquille O'Neal,Los Angeles Lakers,West,"Mar 21, 2004",C,7'1
Zydrunas Ilgauskas,Cleveland Cavaliers,East,"Mar 14, 2004",C,7'3
Carmelo Anthony,Denver Nuggets,West,"Mar 14, 2004",F,6'8
Lamar Odom,Miami Heat,East,"Mar 7, 2004",PF,6'10
Yao Ming,Houston Rockets,West,"Mar 7, 2004",C,7'6
Ben Wallace,Detroit Pistons,East,"Feb 29, 2004",FC,6'9
Andrei Kirilenko,Utah Jazz,West,"Feb 29, 2004",PF,6'9
Dwyane Wade,Miami Heat,East,"Feb 22, 2004",SG,6'4
Kobe Bryant,Los Angeles Lakers,West,"Feb 22, 2004",SG,6'6
Kenyon Martin,New Jersey Nets,East,"Feb 8, 2004",F,6'9
Tim Duncan,San Antonio Spurs,West,"Feb 8, 2004",FC,6'11
Jason Kidd,New Jersey Nets,East,"Feb 1, 2004",PG,6'4
Kevin Garnett,Minnesota Timberwolves,West,"Feb 1, 2004",PF,6'11
Carlos Boozer,Cleveland Cavaliers,East,"Jan 25, 2004",PF,6'9
Kevin Garnett,Minnesota Timberwolves,West,"Jan 25, 2004",PF,6'11
Stephon Marbury,New York Knicks,East,"Jan 18, 2004",G,6'2
Michael Finley,Dallas Mavericks,West,"Jan 18, 2004",G-F,6'7
Paul Pierce,Boston Celtics,East,"Jan 11, 2004",SF,6'7
Ray Allen,Seattle SuperSonics,West,"Jan 11, 2004",SG,6'5
Ben Wallace,Detroit Pistons,East,"Jan 4, 2004",FC,6'9
Elton Brand,Los Angeles Clippers,West,"Jan 4, 2004",PF,6'9
Jason Kidd,New Jersey Nets,East,"Dec 28, 2003",PG,6'4
Sam Cassell,Minnesota Timberwolves,West,"Dec 28, 2003",G,6'3
Tracy McGrady,Orlando Magic,East,"Dec 21, 2003",GF,6'8
Kevin Garnett,Minnesota Timberwolves,West,"Dec 21, 2003",PF,6'11
Paul Pierce,Boston Celtics,East,"Dec 14, 2003",SF,6'7
Peja Stojakovic,Sacramento Kings,West,"Dec 14, 2003",F,6'10
Vince Carter,Toronto Raptors,East,"Dec 7, 2003",SF,6'6
Shaquille O'Neal,Los Angeles Lakers,West,"Dec 7, 2003",C,7'1
Dikembe Mutombo,New York Knicks,East,"Nov 30, 2003",C,7'2
Voshon Lenard,Denver Nuggets,West,"Nov 30, 2003",SG,6'4
Chauncey Billups,Detroit Pistons,East,"Nov 23, 2003",G,6'3
Kevin Garnett,Minnesota Timberwolves,West,"Nov 23, 2003",PF,6'11
Allen Iverson,Philadelphia Sixers,East,"Nov 16, 2003",G,6'0
Quentin Richardson,Los Angeles Clippers,West,"Nov 16, 2003",GF,6'6
Metta World Peace,Indiana Pacers,East,"Nov 9, 2003",SF,6'7
Andrei Kirilenko,Utah Jazz,West,"Nov 9, 2003",PF,6'9
Baron Davis,New Orleans Hornets,East,"Nov 2, 2003",G,6'3
Rashard Lewis,Seattle SuperSonics,West,"Nov 2, 2003",F,6'10
Tracy McGrady,Orlando Magic,East,"Apr 13, 2003",GF,6'8
Shawn Marion,Phoenix Suns,West,"Apr 13, 2003",F,6'7
Jason Kidd,New Jersey Nets,East,"Apr 6, 2003",PG,6'4
Shaquille O'Neal,Los Angeles Lakers,West,"Apr 6, 2003",C,7'1
Richard Jefferson,New Jersey Nets,East,"Mar 30, 2003",SF,6'7
Tim Duncan,San Antonio Spurs,West,"Mar 30, 2003",FC,6'11
Ben Wallace,Detroit Pistons,East,"Mar 23, 2003",FC,6'9
Peja Stojakovic,Sacramento Kings,West,"Mar 23, 2003",F,6'10
Allen Iverson,Philadelphia Sixers,East,"Mar 16, 2003",G,6'0
Steve Francis,Houston Rockets,West,"Mar 16, 2003",G,6'3
Tracy McGrady,Orlando Magic,East,"Mar 9, 2003",GF,6'8
Shaquille O'Neal,Los Angeles Lakers,West,"Mar 9, 2003",C,7'1
Michael Jordan,Washington Wizards,East,"Mar 2, 2003",SG,6'6
Ray Allen,Seattle SuperSonics,West,"Mar 2, 2003",SG,6'5
Tracy McGrady,Orlando Magic,East,"Feb 23, 2003",GF,6'8
Kobe Bryant,Los Angeles Lakers,West,"Feb 23, 2003",SG,6'6
Allan Houston,New York Knicks,East,"Feb 16, 2003",G,6'6
Tim Duncan,San Antonio Spurs,West,"Feb 16, 2003",FC,6'11
Chauncey Billups,Detroit Pistons,East,"Feb 2, 2003",G,6'3
Kobe Bryant,Los Angeles Lakers,West,"Feb 2, 2003",SG,6'6
Paul Pierce,Boston Celtics,East,"Jan 26, 2003",SF,6'7
Tim Duncan,San Antonio Spurs,West,"Jan 26, 2003",FC,6'11
Antoine Walker,Boston Celtics,East,"Jan 19, 2003",F,6'9
Steve Francis,Houston Rockets,West,"Jan 19, 2003",G,6'3
Jermaine O'Neal,Indiana Pacers,East,"Jan 12, 2003",FC,6'11
Kobe Bryant,Los Angeles Lakers,West,"Jan 12, 2003",SG,6'6
Stephon Marbury,Phoenix Suns,West,"Jan 12, 2003",G,6'2
Michael Jordan,Washington Wizards,East,"Jan 5, 2003",SG,6'6
Dirk Nowitzki,Dallas Mavericks,West,"Jan 5, 2003",PF,7'0
Lucious Harris,New Jersey Nets,East,"Dec 29, 2002",SG,6'5
Tim Duncan,San Antonio Spurs,West,"Dec 29, 2002",FC,6'11
Jason Kidd,New Jersey Nets,East,"Dec 22, 2002",PG,6'4
Tim Duncan,San Antonio Spurs,West,"Dec 22, 2002",FC,6'11
Antoine Walker,Boston Celtics,East,"Dec 15, 2002",F,6'9
Chris Webber,Sacramento Kings,West,"Dec 15, 2002",F-C,6'9
Paul Pierce,Boston Celtics,East,"Dec 8, 2002",SF,6'7
Kobe Bryant,Los Angeles Lakers,West,"Dec 8, 2002",SG,6'6
Allen Iverson,Philadelphia Sixers,East,"Dec 1, 2002",G,6'0
Stephon Marbury,Phoenix Suns,West,"Dec 1, 2002",G,6'2
Allen Iverson,Philadelphia Sixers,East,"Nov 24, 2002",G,6'0
Kevin Garnett,Minnesota Timberwolves,West,"Nov 24, 2002",PF,6'11
Metta World Peace,Indiana Pacers,East,"Nov 17, 2002",SF,6'7
Rashard Lewis,Seattle SuperSonics,West,"Nov 17, 2002",F,6'10
Jerry Stackhouse,Washington Wizards,East,"Nov 10, 2002",SF,6'6
Dirk Nowitzki,Dallas Mavericks,West,"Nov 10, 2002",PF,7'0
Glenn Robinson,Atlanta Hawks,East,"Nov 3, 2002",SF,6'7
Kobe Bryant,Los Angeles Lakers,West,"Nov 3, 2002",SG,6'6
Paul Pierce,Boston Celtics,East,"Apr 7, 2002",SF,6'7
Tim Duncan,San Antonio Spurs,West,"Apr 7, 2002",FC,6'11
Ben Wallace,Detroit Pistons,East,"Mar 31, 2002",FC,6'9
Shawn Marion,Phoenix Suns,West,"Mar 31, 2002",F,6'7
Jason Kidd,New Jersey Nets,East,"Mar 24, 2002",PG,6'4
Tim Duncan,San Antonio Spurs,West,"Mar 24, 2002",FC,6'11
Tracy McGrady,Orlando Magic,East,"Mar 17, 2002",GF,6'8
Tim Duncan,San Antonio Spurs,West,"Mar 17, 2002",FC,6'11
Kurt Thomas,New York Knicks,East,"Mar 10, 2002",FC,6'9
Shaquille O'Neal,Los Angeles Lakers,West,"Mar 10, 2002",C,7'1
Allen Iverson,Philadelphia Sixers,East,"Mar 3, 2002",G,6'0
Rasheed Wallace,Portland Trail Blazers,West,"Mar 3, 2002",FC,6'11
Ben Wallace,Detroit Pistons,East,"Feb 24, 2002",FC,6'9
Shaquille O'Neal,Los Angeles Lakers,West,"Feb 24, 2002",C,7'1
Andre Miller,Cleveland Cavaliers,East,"Feb 17, 2002",PG,6'3
Karl Malone,Utah Jazz,West,"Feb 17, 2002",PF,6'9
Jason Kidd,New Jersey Nets,East,"Feb 3, 2002",PG,6'4
Shaquille O'Neal,Los Angeles Lakers,West,"Feb 3, 2002",C,7'1
Allen Iverson,Philadelphia Sixers,East,"Jan 27, 2002",G,6'0
Dirk Nowitzki,Dallas Mavericks,West,"Jan 27, 2002",PF,7'0
Allen Iverson,Philadelphia Sixers,East,"Jan 20, 2002",G,6'0
Kobe Bryant,Los Angeles Lakers,West,"Jan 20, 2002",SG,6'6
Ray Allen,Milwaukee Bucks,East,"Jan 13, 2002",SG,6'5
Kevin Garnett,Minnesota Timberwolves,West,"Jan 13, 2002",PF,6'11
Eddie Jones,Miami Heat,East,"Jan 6, 2002",G-F,6'6
Chris Webber,Sacramento Kings,West,"Jan 6, 2002",F-C,6'9
Jason Kidd,New Jersey Nets,East,"Dec 30, 2001",PG,6'4
Tim Duncan,San Antonio Spurs,West,"Dec 30, 2001",FC,6'11
Jermaine O'Neal,Indiana Pacers,East,"Dec 23, 2001",FC,6'11
Gary Payton,Seattle SuperSonics,West,"Dec 23, 2001",G,6'4
Richard Hamilton,Washington Wizards,East,"Dec 16, 2001",SG,6'7
Steve Nash,Dallas Mavericks,West,"Dec 16, 2001",G,6'3
Andre Miller,Cleveland Cavaliers,East,"Dec 9, 2001",PG,6'3
Elton Brand,Los Angeles Clippers,West,"Dec 9, 2001",PF,6'9
Paul Pierce,Boston Celtics,East,"Dec 2, 2001",SF,6'7
Stephon Marbury,Phoenix Suns,West,"Dec 2, 2001",G,6'2
Shareef Abdur-Rahim,Atlanta Hawks,East,"Nov 25, 2001",F,6'9
Tim Duncan,San Antonio Spurs,West,"Nov 25, 2001",FC,6'11
Allen Iverson,Philadelphia Sixers,East,"Nov 18, 2001",G,6'0
Kevin Garnett,Minnesota Timberwolves,West,"Nov 18, 2001",PF,6'11
Vince Carter,Toronto Raptors,East,"Nov 11, 2001",SF,6'6
Tim Duncan,San Antonio Spurs,West,"Nov 11, 2001",FC,6'11
Ray Allen,Milwaukee Bucks,East,"Nov 4, 2001",SG,6'5
Kobe Bryant,Los Angeles Lakers,West,"Nov 4, 2001",SG,6'6
Ray Allen,Milwaukee Bucks,,"Apr 15, 2001",SG,6'5
Shaquille O'Neal,Los Angeles Lakers,,"Apr 8, 2001",C,7'1
Jason Kidd,Phoenix Suns,,"Apr 1, 2001",PG,6'4
Paul Pierce,Boston Celtics,,"Mar 25, 2001",SF,6'7
Cuttino Mobley,Houston Rockets,,"Mar 18, 2001",G,6'4
Derek Anderson,San Antonio Spurs,,"Mar 11, 2001",G,6'5
Vince Carter,Toronto Raptors,,"Mar 4, 2001",SF,6'6
Shawn Marion,Phoenix Suns,,"Feb 25, 2001",F,6'7
Allen Iverson,Philadelphia Sixers,,"Feb 18, 2001",G,6'0
Darrell Armstrong,Orlando Magic,,"Feb 4, 2001",PG,6'0
Tim Duncan,San Antonio Spurs,,"Jan 28, 2001",FC,6'11
Chris Webber,Sacramento Kings,,"Jan 22, 2001",F-C,6'9
Steve Francis,Houston Rockets,,"Jan 14, 2001",G,6'3
Allen Iverson,Philadelphia Sixers,,"Jan 7, 2001",G,6'0
Aaron McKie,Philadelphia Sixers,,"Dec 31, 2000",G,6'5
Kobe Bryant,Los Angeles Lakers,,"Dec 24, 2000",SG,6'6
Glenn Robinson,Milwaukee Bucks,,"Dec 17, 2000",SF,6'7
Chris Webber,Sacramento Kings,,"Dec 10, 2000",F-C,6'9
Antonio McDyess,Denver Nuggets,,"Dec 3, 2000",F,6'9
Baron Davis,Charlotte Hornets,,"Nov 26, 2000",G,6'3
Kevin Garnett,Minnesota Timberwolves,,"Nov 19, 2000",PF,6'11
Stephon Marbury,New Jersey Nets,,"Nov 12, 2000",G,6'2
Karl Malone,Utah Jazz,,"Nov 6, 2000",PF,6'9
John Stockton,Utah Jazz,,"Nov 6, 2000",PG,6'1
Kobe Bryant,Los Angeles Lakers,,"Apr 17, 2000",SG,6'6
Alonzo Mourning,Miami Heat,,"Apr 10, 2000",C,6'10
Tim Duncan,San Antonio Spurs,,"Apr 3, 2000",FC,6'11
Kevin Garnett,Minnesota Timberwolves,,"Mar 27, 2000",PF,6'11
Jalen Rose,Indiana Pacers,,"Mar 20, 2000",G,6'8
Shaquille O'Neal,Los Angeles Lakers,,"Mar 13, 2000",C,7'1
Karl Malone,Utah Jazz,,"Mar 6, 2000",PF,6'9
Vince Carter,Toronto Raptors,,"Feb 28, 2000",SF,6'6
Shaquille O'Neal,Los Angeles Lakers,,"Feb 22, 2000",C,7'1
Michael Finley,Dallas Mavericks,,"Feb 7, 2000",G-F,6'7
Dikembe Mutombo,Atlanta Hawks,,"Jan 31, 2000",C,7'2
Steve Francis,Houston Rockets,,"Jan 24, 2000",G,6'3
Chris Webber,Sacramento Kings,,"Jan 17, 2000",F-C,6'9
Grant Hill,Detroit Pistons,,"Jan 10, 2000",SF,6'8
Chris Webber,Sacramento Kings,,"Jan 3, 2000",F-C,6'9
Kevin Garnett,Minnesota Timberwolves,,"Dec 27, 1999",PF,6'11
Jason Kidd,Phoenix Suns,,"Dec 20, 1999",PG,6'4
Alonzo Mourning,Miami Heat,,"Dec 13, 1999",C,6'10
Shaquille O'Neal,Los Angeles Lakers,,"Dec 5, 1999",C,7'1
Tim Duncan,San Antonio Spurs,,"Nov 28, 1999",FC,6'11
Vince Carter,Toronto Raptors,,"Nov 21, 1999",SF,6'6
Kevin Garnett,Minnesota Timberwolves,,"Nov 14, 1999",PF,6'11
Sam Cassell,Milwaukee Bucks,,"Nov 7, 1999",G,6'3
Grant Hill,Detroit Pistons,,"May 2, 1999",SF,6'8
Chris Webber,Sacramento Kings,,"Apr 25, 1999",F-C,6'9
Jason Kidd,Phoenix Suns,,"Apr 18, 1999",PG,6'4
Karl Malone,Utah Jazz,,"Apr 11, 1999",PF,6'9
Kevin Garnett,Minnesota Timberwolves,,"Apr 4, 1999",PF,6'11
Darrell Armstrong,Orlando Magic,,"Mar 28, 1999",PG,6'0
Vince Carter,Toronto Raptors,,"Mar 21, 1999",SF,6'6
Alonzo Mourning,Miami Heat,,"Mar 14, 1999",C,6'10
Tim Duncan,San Antonio Spurs,,"Mar 7, 1999",FC,6'11
Antonio McDyess,Denver Nuggets,,"Feb 28, 1999",F,6'9
Stephon Marbury,Minnesota Timberwolves,,"Feb 21, 1999",G,6'2
Gary Payton,Seattle SuperSonics,,"Feb 14, 1999",G,6'4
Dikembe Mutombo,Atlanta Hawks,,"Feb 7, 1999",C,7'2
Jason Kidd,Phoenix Suns,,"Apr 19, 1998",PG,6'4
Sam Cassell,New Jersey Nets,,"Apr 12, 1998",G,6'3
Michael Jordan,Chicago Bulls,,"Apr 5, 1998",SG,6'6
Alonzo Mourning,Miami Heat,,"Mar 29, 1998",C,6'10
Shaquille O'Neal,Los Angeles Lakers,,"Mar 22, 1998",C,7'1
Jason Kidd,Phoenix Suns,,"Mar 15, 1998",PG,6'4
Karl Malone,Utah Jazz,,"Mar 8, 1998",PF,6'9
Tim Duncan,San Antonio Spurs,,"Mar 1, 1998",FC,6'11
Nick Anderson,Orlando Magic,,"Feb 22, 1998",GF,6'6
Karl Malone,Utah Jazz,,"Feb 15, 1998",PF,6'9
David Robinson,San Antonio Spurs,,"Feb 1, 1998",C,7'1
Jayson Williams,New Jersey Nets,,"Jan 25, 1998",FC,6'10
Allen Iverson,Philadelphia Sixers,,"Jan 18, 1998",G,6'0
Steve Smith,Atlanta Hawks,,"Jan 11, 1998",SG,6'7
Rik Smits,Indiana Pacers,,"Jan 4, 1998",C,7'4
David Robinson,San Antonio Spurs,,"Dec 28, 1997",C,7'1
Michael Jordan,Chicago Bulls,,"Dec 21, 1997",SG,6'6
Glen Rice,Charlotte Hornets,,"Dec 14, 1997",SF,6'8
Wesley Person,Cleveland Cavaliers,,"Dec 7, 1997",SG,6'6
Karl Malone,Utah Jazz,,"Nov 30, 1997",PF,6'9
Michael Jordan,Chicago Bulls,,"Nov 23, 1997",SG,6'6
Shaquille O'Neal,Los Angeles Lakers,,"Nov 16, 1997",C,7'1
Dikembe Mutombo,Atlanta Hawks,,"Nov 9, 1997",C,7'2
Chris Webber,Washington Bullets,,"Apr 20, 1997",F-C,6'9
Allen Iverson,Philadelphia Sixers,,"Apr 13, 1997",G,6'0
Grant Hill,Detroit Pistons,,"Apr 6, 1997",SF,6'8
Kevin Johnson,Phoenix Suns,,"Mar 30, 1997",PG,6'1
Karl Malone,Utah Jazz,,"Mar 23, 1997",PF,6'9
Karl Malone,Utah Jazz,,"Mar 16, 1997",PF,6'9
Patrick Ewing,New York Knicks,,"Mar 9, 1997",C,7'0
Loy Vaught,Los Angeles Clippers,,"Mar 2, 1997",PF,6'9
Scottie Pippen,Chicago Bulls,,"Feb 23, 1997",SF,6'8
Alonzo Mourning,Miami Heat,,"Feb 16, 1997",C,6'10
Glen Rice,Charlotte Hornets,,"Feb 2, 1997",SF,6'8
Mitch Richmond,Sacramento Kings,,"Jan 26, 1997",SG,6'5
Grant Hill,Detroit Pistons,,"Jan 19, 1997",SF,6'8
Glenn Robinson,Milwaukee Bucks,,"Jan 12, 1997",SF,6'7
Glen Rice,Charlotte Hornets,,"Jan 5, 1997",SF,6'8
Tim Hardaway,Miami Heat,,"Dec 29, 1996",PG,6'0
Terrell Brandon,Cleveland Cavaliers,,"Dec 22, 1996",PG,5'11
Shaquille O'Neal,Los Angeles Lakers,,"Dec 15, 1996",C,7'1
Terry Mills,Detroit Pistons,,"Dec 8, 1996",PF,6'10
Dikembe Mutombo,Atlanta Hawks,,"Dec 1, 1996",C,7'2
Charles Barkley,Houston Rockets,,"Nov 24, 1996",PF,6'6
Karl Malone,Utah Jazz,,"Nov 24, 1996",PF,6'9
Dale Ellis,Denver Nuggets,,"Nov 17, 1996",GF,6'7
Hakeem Olajuwon,Houston Rockets,,"Nov 10, 1996",C,7'0
Dennis Scott,Orlando Magic,,"Apr 21, 1996",SF,6'8
Juwan Howard,Washington Bullets,,"Apr 14, 1996",PF,6'9
Kevin Johnson,Phoenix Suns,,"Apr 7, 1996",PG,6'1
Arvydas Sabonis,Portland Trail Blazers,,"Mar 31, 1996",C,7'3
Chris Gatling,Miami Heat,,"Mar 24, 1996",PF,6'10
Grant Hill,Detroit Pistons,,"Mar 17, 1996",SF,6'8
Michael Jordan,Chicago Bulls,,"Mar 10, 1996",SG,6'6
Shaquille O'Neal,Orlando Magic,,"Mar 3, 1996",C,7'1
Hakeem Olajuwon,Houston Rockets,,"Mar 3, 1996",C,7'0
Shawn Kemp,Seattle SuperSonics,,"Feb 25, 1996",C,6'10
Armen Gilliam,New Jersey Nets,,"Feb 18, 1996",PF,6'9
Jason Kidd,Dallas Mavericks,,"Feb 4, 1996",PG,6'4
Reggie Miller,Indiana Pacers,,"Jan 28, 1996",SG,6'7
Michael Jordan,Chicago Bulls,,"Jan 21, 1996",SG,6'6
David Robinson,San Antonio Spurs,,"Jan 14, 1996",C,7'1
Cliff Robinson,Portland Trail Blazers,,"Jan 7, 1996",PF,6'10
Karl Malone,Utah Jazz,,"Dec 31, 1995",PF,6'9
Michael Jordan,Chicago Bulls,,"Dec 24, 1995",SG,6'6
Scottie Pippen,Chicago Bulls,,"Dec 17, 1995",SF,6'8
Dikembe Mutombo,Denver Nuggets,,"Dec 10, 1995",C,7'2
Terrell Brandon,Cleveland Cavaliers,,"Dec 3, 1995",PG,5'11
Shawn Kemp,Seattle SuperSonics,,"Nov 26, 1995",C,6'10
Cedric Ceballos,Los Angeles Lakers,,"Nov 19, 1995",SF,6'6
Penny Hardaway,Orlando Magic,,"Nov 12, 1995",PG,6'7
Karl Malone,Utah Jazz,,"Apr 23, 1995",PF,6'9
Dikembe Mutombo,Denver Nuggets,,"Apr 16, 1995",C,7'2
Clyde Drexler,Houston Rockets,,"Apr 9, 1995",SG,6'7
David Robinson,San Antonio Spurs,,"Apr 2, 1995",C,7'1
Vlade Divac,Los Angeles Lakers,,"Mar 26, 1995",C,7'1
Jason Kidd,Dallas Mavericks,,"Mar 19, 1995",PG,6'4
Rik Smits,Indiana Pacers,,"Mar 12, 1995",C,7'4
Shaquille O'Neal,Orlando Magic,,"Mar 5, 1995",C,7'1
Rod Strickland,Portland Trail Blazers,,"Feb 26, 1995",PG,6'3
Charles Barkley,Phoenix Suns,,"Feb 19, 1995",PF,6'6
Hakeem Olajuwon,Houston Rockets,,"Feb 5, 1995",C,7'0
John Stockton,Utah Jazz,,"Jan 29, 1995",PG,6'1
Patrick Ewing,New York Knicks,,"Jan 22, 1995",C,7'0
Larry Johnson,Charlotte Hornets,,"Jan 15, 1995",F,6'6
Gary Payton,Seattle SuperSonics,,"Jan 8, 1995",G,6'4
Hakeem Olajuwon,Houston Rockets,,"Jan 1, 1995",C,7'0
Cedric Ceballos,Los Angeles Lakers,,"Dec 25, 1994",SF,6'6
Karl Malone,Utah Jazz,,"Dec 18, 1994",PF,6'9
Jamal Mashburn,Dallas Mavericks,,"Dec 11, 1994",SF,6'8
Shaquille O'Neal,Orlando Magic,,"Dec 4, 1994",C,7'1
Penny Hardaway,Orlando Magic,,"Nov 27, 1994",PG,6'7
Elliot Perry,Phoenix Suns,,"Nov 20, 1994",PG,6'0
Tim Hardaway,Golden State Warriors,,"Nov 13, 1994",PG,6'0
David Robinson,San Antonio Spurs,,"Apr 24, 1994",C,7'1
Scottie Pippen,Chicago Bulls,,"Apr 17, 1994",SF,6'8
Dikembe Mutombo,Denver Nuggets,,"Apr 10, 1994",C,7'2
Shawn Kemp,Seattle SuperSonics,,"Apr 3, 1994",C,6'10
Kevin Willis,Atlanta Hawks,,"Mar 27, 1994",C,7'0
Hakeem Olajuwon,Houston Rockets,,"Mar 20, 1994",C,7'0
Joe Dumars,Detroit Pistons,,"Mar 13, 1994",SG,6'3
David Robinson,San Antonio Spurs,,"Mar 6, 1994",C,7'1
Shawn Kemp,Seattle SuperSonics,,"Feb 27, 1994",C,6'10
David Robinson,San Antonio Spurs,,"Feb 20, 1994",C,7'1
David Robinson,San Antonio Spurs,,"Feb 6, 1994",C,7'1
Ron Harper,Los Angeles Clippers,,"Jan 30, 1994",SG,6'6
Kenny Anderson,New Jersey Nets,,"Jan 23, 1994",PG,6'0
Patrick Ewing,New York Knicks,,"Jan 16, 1994",C,7'0
Chris Webber,Golden State Warriors,,"Jan 9, 1994",F-C,6'9
Oliver Miller,Phoenix Suns,,"Jan 2, 1994",C,6'9
Scottie Pippen,Chicago Bulls,,"Dec 26, 1993",SF,6'8
Karl Malone,Utah Jazz,,"Dec 19, 1993",PF,6'9
Shaquille O'Neal,Orlando Magic,,"Dec 12, 1993",C,7'1
David Robinson,San Antonio Spurs,,"Dec 5, 1993",C,7'1
Glen Rice,Miami Heat,,"Nov 28, 1993",SF,6'8
Charles Barkley,Phoenix Suns,,"Nov 21, 1993",PF,6'6
Hakeem Olajuwon,Houston Rockets,,"Nov 14, 1993",C,7'0
Larry Johnson,Charlotte Hornets,,"Apr 25, 1993",F,6'6
Alonzo Mourning,Charlotte Hornets,,"Apr 18, 1993",C,6'10
Hakeem Olajuwon,Houston Rockets,,"Apr 11, 1993",C,7'0
Charles Barkley,Phoenix Suns,,"Apr 4, 1993",PF,6'6
Dikembe Mutombo,Denver Nuggets,,"Mar 28, 1993",C,7'2
Patrick Ewing,New York Knicks,,"Mar 21, 1993",C,7'0
Rumeal Robinson,New Jersey Nets,,"Mar 14, 1993",PG,6'2
Rony Seikaly,Miami Heat,,"Mar 7, 1993",C,6'11
Hakeem Olajuwon,Houston Rockets,,"Feb 28, 1993",C,7'0
Larry Johnson,Charlotte Hornets,,"Feb 14, 1993",F,6'6
Nick Anderson,Orlando Magic,,"Feb 7, 1993",GF,6'6
Karl Malone,Utah Jazz,,"Jan 31, 1993",PF,6'9
Patrick Ewing,New York Knicks,,"Jan 24, 1993",C,7'0
Hakeem Olajuwon,Houston Rockets,,"Jan 17, 1993",C,7'0
Shawn Kemp,Seattle SuperSonics,,"Jan 10, 1993",C,6'10
David Robinson,San Antonio Spurs,,"Jan 3, 1993",C,7'1
Sean Elliott,San Antonio Spurs,,"Dec 27, 1992",SF,6'8
Patrick Ewing,New York Knicks,,"Dec 20, 1992",C,7'0
Charles Barkley,Phoenix Suns,,"Dec 13, 1992",PF,6'6
Drazen Petrovic,New Jersey Nets,,"Dec 6, 1992",SG,6'5
David Robinson,San Antonio Spurs,,"Nov 29, 1992",C,7'1
Michael Jordan,Chicago Bulls,,"Nov 22, 1992",SG,6'6
Shaquille O'Neal,Orlando Magic,,"Nov 15, 1992",C,7'1
Karl Malone,Utah Jazz,,"Apr 19, 1992",PF,6'9
Reggie Lewis,Boston Celtics,,"Apr 12, 1992",SF,6'7
Mookie Blaylock,New Jersey Nets,,"Apr 5, 1992",PG,6'1
Mark Jackson,New York Knicks,,"Mar 29, 1992",PG,6'1
Larry Johnson,Charlotte Hornets,,"Mar 22, 1992",F,6'6
Joe Dumars,Detroit Pistons,,"Mar 15, 1992",SG,6'3
Karl Malone,Utah Jazz,,"Mar 8, 1992",PF,6'9
Danny Manning,Los Angeles Clippers,,"Mar 1, 1992",F,6'10
Tim Hardaway,Golden State Warriors,,"Feb 23, 1992",PG,6'0
John Stockton,Utah Jazz,,"Feb 16, 1992",PG,6'1
Larry Nance,Cleveland Cavaliers,,"Feb 2, 1992",PF,6'10
Nick Anderson,Orlando Magic,,"Jan 26, 1992",GF,6'6
Tim Hardaway,Golden State Warriors,,"Jan 19, 1992",PG,6'0
Michael Jordan,Chicago Bulls,,"Jan 12, 1992",SG,6'6
Patrick Ewing,New York Knicks,,"Jan 5, 1992",C,7'0
Scottie Pippen,Chicago Bulls,,"Dec 29, 1991",SF,6'8
Pervis Ellison,Washington Bullets,,"Dec 22, 1991",C,6'9
Dennis Rodman,Detroit Pistons,,"Dec 15, 1991",PF,6'7
Jeff Malone,Utah Jazz,,"Dec 8, 1991",SG,6'4
David Robinson,San Antonio Spurs,,"Dec 1, 1991",C,7'1
Kevin Willis,Atlanta Hawks,,"Nov 24, 1991",C,7'0
Brad Daugherty,Cleveland Cavaliers,,"Nov 17, 1991",C,7'0
Chris Mullin,Golden State Warriors,,"Nov 10, 1991",SF,6'7
Scott Skiles,Orlando Magic,,"Apr 21, 1991",PG,6'1
Clyde Drexler,Portland Trail Blazers,,"Apr 14, 1991",SG,6'7
Magic Johnson,Los Angeles Lakers,,"Apr 7, 1991",PG,6'9
Clyde Drexler,Portland Trail Blazers,,"Mar 31, 1991",SG,6'7
Mitch Richmond,Golden State Warriors,,"Mar 24, 1991",SG,6'5
Kenny Smith,Houston Rockets,,"Mar 17, 1991",PG,6'3
Dennis Scott,Orlando Magic,,"Mar 10, 1991",SF,6'8
Gerald Wilkins,New York Knicks,,"Mar 3, 1991",SG,6'6
Reggie Miller,Indiana Pacers,,"Feb 24, 1991",SG,6'7
Lionel Simmons,Sacramento Kings,,"Feb 17, 1991",SF,6'7
Otis Thorpe,Houston Rockets,,"Feb 3, 1991",PF,6'9
Michael Adams,Denver Nuggets,,"Jan 27, 1991",PG,5'10
Tim Hardaway,Golden State Warriors,,"Jan 20, 1991",PG,6'0
Bernard King,Washington Bullets,,"Jan 13, 1991",SF,6'7
Dominique Wilkins,Atlanta Hawks,,"Jan 6, 1991",SF,6'7
Ricky Pierce,Milwaukee Bucks,,"Dec 30, 1990",SG,6'4
Michael Jordan,Chicago Bulls,,"Dec 23, 1990",SG,6'6
Kevin Johnson,Phoenix Suns,,"Dec 16, 1990",PG,6'1
John Stockton,Utah Jazz,,"Dec 9, 1990",PG,6'1
Michael Jordan,Chicago Bulls,,"Dec 2, 1990",SG,6'6
Charles Barkley,Philadelphia Sixers,,"Nov 25, 1990",PF,6'6
Clyde Drexler,Portland Trail Blazers,,"Nov 18, 1990",SG,6'7
Chris Mullin,Golden State Warriors,,"Nov 11, 1990",SF,6'7
David Robinson,San Antonio Spurs,,"Apr 22, 1990",C,7'1
Magic Johnson,Los Angeles Lakers,,"Apr 15, 1990",PG,6'9
Charles Barkley,Philadelphia Sixers,,"Apr 8, 1990",PF,6'6
Michael Jordan,Chicago Bulls,,"Apr 1, 1990",SG,6'6
David Robinson,San Antonio Spurs,,"Mar 25, 1990",C,7'1
Kevin Johnson,Phoenix Suns,,"Mar 18, 1990",PG,6'1
Rony Seikaly,Miami Heat,,"Mar 11, 1990",C,6'11
Hakeem Olajuwon,Houston Rockets,,"Mar 4, 1990",C,7'0
David Robinson,San Antonio Spurs,,"Feb 25, 1990",C,7'1
Tom Chambers,Phoenix Suns,,"Feb 18, 1990",PF,6'10
Tim Hardaway,Golden State Warriors,,"Feb 4, 1990",PG,6'0
Karl Malone,Utah Jazz,,"Jan 28, 1990",PF,6'9
Alvin Robertson,Milwaukee Bucks,,"Jan 21, 1990",SG,6'3
Ron Harper,Los Angeles Clippers,,"Jan 14, 1990",SG,6'6
Terry Teagle,Golden State Warriors,,"Jan 7, 1990",SG,6'5
Karl Malone,Utah Jazz,,"Dec 30, 1989",PF,6'9
Terry Cummings,San Antonio Spurs,,"Dec 24, 1989",PF,6'9
Chris Mullin,Golden State Warriors,,"Dec 17, 1989",SF,6'7
Michael Jordan,Chicago Bulls,,"Dec 10, 1989",SG,6'6
Patrick Ewing,New York Knicks,,"Dec 3, 1989",C,7'0
Clyde Drexler,Portland Trail Blazers,,"Nov 26, 1989",SG,6'7
John Stockton,Utah Jazz,,"Nov 19, 1989",PG,6'1
Vern Fleming,Indiana Pacers,,"Nov 12, 1989",G,6'5
Xavier McDaniel,Seattle SuperSonics,,"Apr 23, 1989",PF,6'7
Karl Malone,Utah Jazz,,"Apr 16, 1989",PF,6'9
Clyde Drexler,Portland Trail Blazers,,"Apr 9, 1989",SG,6'7
Michael Jordan,Chicago Bulls,,"Apr 2, 1989",SG,6'6
Michael Jordan,Chicago Bulls,,"Mar 26, 1989",SG,6'6
Kevin Johnson,Phoenix Suns,,"Mar 19, 1989",PG,6'1
Isiah Thomas,Detroit Pistons,,"Mar 12, 1989",PG,6'1
Chuck Person,Indiana Pacers,,"Mar 5, 1989",SF,6'8
Patrick Ewing,New York Knicks,,"Feb 26, 1989",C,7'0
Hakeem Olajuwon,Houston Rockets,,"Feb 19, 1989",C,7'0
Ron Harper,Cleveland Cavaliers,,"Feb 5, 1989",SG,6'6
Tom Chambers,Phoenix Suns,,"Jan 29, 1989",PF,6'10
Chris Mullin,Golden State Warriors,,"Jan 22, 1989",SF,6'7
Michael Jordan,Chicago Bulls,,"Jan 15, 1989",SG,6'6
Dale Ellis,Seattle SuperSonics,,"Jan 8, 1989",GF,6'7
Magic Johnson,Los Angeles Lakers,,"Jan 1, 1989",PG,6'9
Clyde Drexler,Portland Trail Blazers,,"Dec 25, 1988",SG,6'7
Robert Parish,Boston Celtics,,"Dec 18, 1988",C,7'0
Michael Adams,Denver Nuggets,,"Dec 11, 1988",PG,5'10
Magic Johnson,Los Angeles Lakers,,"Dec 4, 1988",PG,6'9
Patrick Ewing,New York Knicks,,"Nov 27, 1988",C,7'0
Michael Jordan,Chicago Bulls,,"Nov 20, 1988",SG,6'6
Hakeem Olajuwon,Houston Rockets,,"Nov 13, 1988",C,7'0
Karl Malone,Utah Jazz,,"Apr 24, 1988",PF,6'9
Fat Lever,Denver Nuggets,,"Apr 17, 1988",PG,6'3
Harold Pressley,Sacramento Kings,,"Apr 10, 1988",GF,6'7
Michael Jordan,Chicago Bulls,,"Apr 3, 1988",SG,6'6
Michael Jordan,Chicago Bulls,,"Mar 27, 1988",SG,6'6
Charles Barkley,Philadelphia Sixers,,"Mar 20, 1988",PF,6'6
Clyde Drexler,Portland Trail Blazers,,"Mar 13, 1988",SG,6'7
Bobby Hansen,Utah Jazz,,"Mar 6, 1988",SG,6'6
Roy Tarpley,Dallas Mavericks,,"Feb 28, 1988",PF,6'11
John Stockton,Utah Jazz,,"Feb 21, 1988",PG,6'1
Dominique Wilkins,Atlanta Hawks,,"Feb 14, 1988",SF,6'7
Bernard King,Washington Bullets,,"Jan 31, 1988",SF,6'7
Michael Jordan,Chicago Bulls,,"Jan 24, 1988",SG,6'6
Dominique Wilkins,Atlanta Hawks,,"Jan 17, 1988",SF,6'7
Byron Scott,Los Angeles Lakers,,"Jan 10, 1988",SG,6'3
Karl Malone,Utah Jazz,,"Jan 3, 1988",PF,6'9
Dominique Wilkins,Atlanta Hawks,,"Dec 27, 1987",SF,6'7
Larry Nance,Phoenix Suns,,"Dec 20, 1987",PF,6'10
Magic Johnson,Los Angeles Lakers,,"Dec 13, 1987",PG,6'9
Clyde Drexler,Portland Trail Blazers,,"Dec 6, 1987",SG,6'7
Clyde Drexler,Portland Trail Blazers,,"Nov 29, 1987",SG,6'7
Xavier McDaniel,Seattle SuperSonics,,"Nov 22, 1987",PF,6'7
Larry Bird,Boston Celtics,,"Nov 15, 1987",SF,6'9
Julius Erving,Philadelphia Sixers,,"Apr 19, 1987",SF,6'6
Michael Jordan,Chicago Bulls,,"Apr 12, 1987",SG,6'6
Magic Johnson,Los Angeles Lakers,,"Apr 5, 1987",PG,6'9
Larry Smith,Golden State Warriors,,"Mar 29, 1987",PF,6'8
Magic Johnson,Los Angeles Lakers,,"Mar 22, 1987",PG,6'9
Karl Malone,Utah Jazz,,"Mar 15, 1987",PF,6'9
Magic Johnson,Los Angeles Lakers,,"Mar 8, 1987",PG,6'9
Michael Jordan,Chicago Bulls,,"Mar 1, 1987",SG,6'6
Moses Malone,Washington Bullets,,"Feb 22, 1987",C,6'10
Magic Johnson,Los Angeles Lakers,,"Feb 15, 1987",PG,6'9
Fat Lever,Denver Nuggets,,"Feb 1, 1987",PG,6'3
Alex English,Denver Nuggets,,"Jan 25, 1987",SF,6'7
Otis Thorpe,Sacramento Kings,,"Jan 18, 1987",PF,6'9
Isiah Thomas,Detroit Pistons,,"Jan 11, 1987",PG,6'1
Larry Bird,Boston Celtics,,"Jan 4, 1987",SF,6'9
Patrick Ewing,New York Knicks,,"Dec 28, 1986",C,7'0
Magic Johnson,Los Angeles Lakers,,"Dec 21, 1986",PG,6'9
Dominique Wilkins,Atlanta Hawks,,"Dec 14, 1986",SF,6'7
Tom Chambers,Seattle SuperSonics,,"Dec 7, 1986",PF,6'10
Hot Rod Williams,Cleveland Cavaliers,,"Nov 30, 1986",FC,6'11
Alvin Robertson,San Antonio Spurs,,"Nov 23, 1986",SG,6'3
Robert Parish,Boston Celtics,,"Nov 16, 1986",C,7'0
Michael Jordan,Chicago Bulls,,"Nov 9, 1986",SG,6'6
Dominique Wilkins,Atlanta Hawks,,"Apr 13, 1986",SF,6'7
Herb Williams,Indiana Pacers,,"Apr 6, 1986",C,6'10
Charles Barkley,Philadelphia Sixers,,"Mar 30, 1986",PF,6'6
Adrian Dantley,Utah Jazz,,"Mar 23, 1986",SF,6'5
Larry Bird,Boston Celtics,,"Mar 16, 1986",SF,6'9
Magic Johnson,Los Angeles Lakers,,"Mar 9, 1986",PG,6'9
Charles Barkley,Philadelphia Sixers,,"Mar 2, 1986",PF,6'6
Sidney Moncrief,Milwaukee Bucks,,"Feb 23, 1986",SG,6'3
Larry Bird,Boston Celtics,,"Feb 16, 1986",SF,6'9
Alex English,Denver Nuggets,,"Feb 2, 1986",SF,6'7
Charles Barkley,Philadelphia Sixers,,"Jan 26, 1986",PF,6'6
Larry Bird,Boston Celtics,,"Jan 19, 1986",SF,6'9
Calvin Natt,Denver Nuggets,,"Jan 12, 1986",F,6'6
Clyde Drexler,Portland Trail Blazers,,"Jan 5, 1986",SG,6'7
Dominique Wilkins,Atlanta Hawks,,"Dec 29, 1985",SF,6'7
Larry Nance,Phoenix Suns,,"Dec 22, 1985",PF,6'10
Alvin Robertson,San Antonio Spurs,,"Dec 15, 1985",SG,6'3
Jeff Ruland,Washington Bullets,,"Dec 8, 1985",C,6'10
Larry Bird,Boston Celtics,,"Dec 1, 1985",SF,6'9
Alex English,Denver Nuggets,,"Nov 24, 1985",SF,6'7
Patrick Ewing,New York Knicks,,"Nov 17, 1985",C,7'0
Buck Williams,New Jersey Nets,,"Nov 10, 1985",PF,6'8
Derek Smith,Los Angeles Clippers,,"Nov 3, 1985",SG,6'6
Micheal Ray Richardson,New Jersey Nets,,"Apr 14, 1985",PG,6'5
Derek Smith,Los Angeles Clippers,,"Apr 7, 1985",SG,6'6
Calvin Natt,Denver Nuggets,,"Apr 1, 1985",F,6'6
Kareem Abdul-Jabbar,Los Angeles Lakers,,"Mar 24, 1985",C,7'2
Larry Bird,Boston Celtics,,"Mar 17, 1985",SF,6'9
Darrell Griffith,Utah Jazz,,"Mar 10, 1985",SG,6'4
Sleepy Floyd,Golden State Warriors,,"Mar 3, 1985",PG,6'3
Mark Aguirre,Dallas Mavericks,,"Feb 24, 1985",SF,6'6
Magic Johnson,Los Angeles Lakers,,"Feb 17, 1985",PG,6'9
Dominique Wilkins,Atlanta Hawks,,"Feb 3, 1985",SF,6'7
Tom McMillen,Washington Bullets,,"Jan 27, 1985",PF,6'11
Michael Jordan,Chicago Bulls,,"Jan 20, 1985",SG,6'6
World B. Free,Cleveland Cavaliers,,"Jan 13, 1985",G,6'2
Isiah Thomas,Detroit Pistons,,"Jan 6, 1985",PG,6'1
Micheal Ray Richardson,New Jersey Nets,,"Dec 30, 1984",PG,6'5
Terry Cummings,Milwaukee Bucks,,"Dec 23, 1984",PF,6'9
Derek Smith,Los Angeles Clippers,,"Dec 16, 1984",SG,6'6
Orlando Woolridge,Chicago Bulls,,"Dec 9, 1984",PF,6'9
Jack Sikma,Seattle SuperSonics,,"Dec 2, 1984",C,6'11
Bernard King,New York Knicks,,"Nov 25, 1984",SF,6'7
Moses Malone,Philadelphia Sixers,,"Nov 18, 1984",C,6'10
Alex English,Denver Nuggets,,"Nov 11, 1984",SF,6'7
Larry Nance,Phoenix Suns,,"Nov 4, 1984",PF,6'10
Dominique Wilkins,Atlanta Hawks,,"Apr 15, 1984",SF,6'7
Kareem Abdul-Jabbar,Los Angeles Lakers,,"Apr 8, 1984",C,7'2
Isiah Thomas,Detroit Pistons,,"Apr 1, 1984",PG,6'1
Moses Malone,Philadelphia Sixers,,"Mar 25, 1984",C,6'10
Adrian Dantley,Utah Jazz,,"Mar 18, 1984",SF,6'5
Larry Bird,Boston Celtics,,"Mar 11, 1984",SF,6'9
Mickey Johnson,Golden State Warriors,,"Mar 4, 1984",PF,6'10
Magic Johnson,Los Angeles Lakers,,"Feb 26, 1984",PG,6'9
Larry Bird,Boston Celtics,,"Feb 19, 1984",SF,6'9
Kareem Abdul-Jabbar,Los Angeles Lakers,,"Feb 12, 1984",C,7'2
Bernard King,New York Knicks,,"Feb 5, 1984",SF,6'7
Buck Williams,New Jersey Nets,,"Jan 22, 1984",PF,6'8
Kelly Tripucka,Detroit Pistons,,"Jan 15, 1984",SF,6'6
Purvis Short,Golden State Warriors,,"Jan 8, 1984",SF,6'7
Isiah Thomas,Detroit Pistons,,"Jan 1, 1984",PG,6'1
Dan Roundfield,Atlanta Hawks,,"Dec 25, 1983",PF,6'8
Adrian Dantley,Utah Jazz,,"Dec 18, 1983",SF,6'5
Jeff Ruland,Washington Bullets,,"Dec 11, 1983",C,6'10
Rickey Green,Utah Jazz,,"Dec 4, 1983",PG,6'0
Mark Aguirre,Dallas Mavericks,,"Nov 27, 1983",SF,6'6
Kiki Vandeweghe,Denver Nuggets,,"Nov 20, 1983",SF,6'8
Magic Johnson,Los Angeles Lakers,,"Nov 13, 1983",PG,6'9
Eddie Johnson,Kansas City Kings,,"Nov 6, 1983",SF,6'7
Mike Glenn,Atlanta Hawks,,"Apr 17, 1983",G,6'2
Magic Johnson,Los Angeles Lakers,,"Apr 10, 1983",PG,6'9
Larry Bird,Boston Celtics,,"Apr 3, 1983",SF,6'9
Jeff Ruland,Washington Bullets,,"Mar 27, 1983",C,6'10
Andrew Toney,Philadelphia Sixers,,"Mar 20, 1983",G,6'3
Gus Williams,Seattle SuperSonics,,"Mar 20, 1983",G,6'2
Magic Johnson,Los Angeles Lakers,,"Mar 13, 1983",PG,6'9
John Drew,Utah Jazz,,"Mar 6, 1983",GF,6'6
Walter Davis,Phoenix Suns,,"Feb 27, 1983",GF,6'6
Larry Nance,Phoenix Suns,,"Feb 20, 1983",PF,6'10
Moses Malone,Philadelphia Sixers,,"Feb 6, 1983",C,6'10
Artis Gilmore,San Antonio Spurs,,"Jan 30, 1983",C,7'2
Joe Barry Carroll,Golden State Warriors,,"Jan 23, 1983",FC,7'0
Alex English,Denver Nuggets,,"Jan 16, 1983",SF,6'7
Mickey Johnson,New Jersey Nets,,"Jan 9, 1983",PF,6'10
Kiki Vandeweghe,Denver Nuggets,,"Jan 2, 1983",SF,6'8
Maurice Lucas,Phoenix Suns,,"Dec 26, 1982",PF,6'9
Isiah Thomas,Detroit Pistons,,"Dec 19, 1982",PG,6'1
Larry Bird,Boston Celtics,,"Dec 12, 1982",SF,6'9
Buck Williams,New Jersey Nets,,"Dec 5, 1982",PF,6'8
Larry Bird,Boston Celtics,,"Nov 28, 1982",SF,6'9
Alex English,Denver Nuggets,,"Nov 21, 1982",SF,6'7
Kelly Tripucka,Detroit Pistons,,"Nov 14, 1982",SF,6'6
Reggie Theus,Chicago Bulls,,"Nov 7, 1982",GF,6'7
Ray Williams,New Jersey Nets,,"Apr 18, 1982",G,6'3
Billy Ray Bates,Portland Trail Blazers,,"Apr 11, 1982",SG,6'4
Jack Sikma,Seattle SuperSonics,,"Apr 4, 1982",C,6'11
Moses Malone,Houston Rockets,,"Mar 28, 1982",C,6'10
Robert Parish,Boston Celtics,,"Mar 21, 1982",C,7'0
Kelly Tripucka,Detroit Pistons,,"Mar 14, 1982",SF,6'6
George Gervin,San Antonio Spurs,,"Mar 7, 1982",GF,6'7
Kareem Abdul-Jabbar,Los Angeles Lakers,,"Feb 28, 1982",C,7'2
"Eddie Johnson, Jr.",Atlanta Hawks,,"Feb 21, 1982",G,6'2
Jay Vincent,Dallas Mavericks,,"Feb 14, 1982",F,6'7
Moses Malone,Houston Rockets,,"Feb 7, 1982",C,6'10
Greg Ballard,Washington Bullets,,"Jan 24, 1982",F,6'7
Larry Bird,Boston Celtics,,"Jan 17, 1982",SF,6'9
Gus Williams,Seattle SuperSonics,,"Jan 10, 1982",G,6'2
George Gervin,San Antonio Spurs,,"Jan 3, 1982",GF,6'7
Larry Bird,Boston Celtics,,"Dec 27, 1981",SF,6'9
Bernard King,Golden State Warriors,,"Dec 20, 1981",SF,6'7
Artis Gilmore,Chicago Bulls,,"Dec 13, 1981",C,7'2
George Gervin,San Antonio Spurs,,"Dec 6, 1981",GF,6'7
Alex English,Denver Nuggets,,"Nov 29, 1981",SF,6'7
Dan Roundfield,Atlanta Hawks,,"Nov 22, 1981",PF,6'8
Ron Brewer,San Antonio Spurs,,"Nov 15, 1981",G,6'4
Mychal Thompson,Portland Trail Blazers,,"Nov 8, 1981",FC,6'10
Robert Reid,Houston Rockets,,"Mar 29, 1981",GF,6'8
Micheal Ray Richardson,New York Knicks,,"Mar 22, 1981",PG,6'5
Moses Malone,Houston Rockets,,"Mar 15, 1981",C,6'10
Larry Smith,Golden State Warriors,,"Mar 8, 1981",PF,6'8
Terry Tyler,Detroit Pistons,,"Mar 1, 1981",GF,6'7
Mike Mitchell,Cleveland Cavaliers,,"Feb 22, 1981",F,6'7
Mike Newlin,New Jersey Nets,,"Feb 15, 1981",GF,6'4
Caldwell Jones,Philadelphia Sixers,,"Feb 8, 1981",FC,6'11
Kenny Carr,Cleveland Cavaliers,,"Feb 1, 1981",GF,6'7
Phil Ford,Kansas City Kings,,"Jan 25, 1981",G,6'2
Julius Erving,Philadelphia Sixers,,"Jan 18, 1981",SF,6'6
Tiny Archibald,Boston Celtics,,"Jan 11, 1981",PG,6'1
Bernard King,Golden State Warriors,,"Jan 4, 1981",SF,6'7
Dennis Johnson,Phoenix Suns,,"Dec 28, 1980",PG,6'4
Kareem Abdul-Jabbar,Los Angeles Lakers,,"Dec 21, 1980",C,7'2
Dan Roundfield,Atlanta Hawks,,"Dec 14, 1980",PF,6'8
"Mike Dunleavy, Sr.",Houston Rockets,,"Dec 7, 1980",G,6'3
Robert Parish,Boston Celtics,,"Nov 30, 1980",C,7'0
Artis Gilmore,Chicago Bulls,,"Nov 23, 1980",C,7'2
Billy Knight,Indiana Pacers,,"Nov 16, 1980",GF,6'6
Elvin Hayes,Washington Bullets,,"Nov 9, 1980",FC,6'9
David Thompson,Denver Nuggets,,"Nov 2, 1980",GF,6'5
Otis Birdsong,Kansas City Kings,,"Oct 26, 1980",GF,6'3
Adrian Dantley,Utah Jazz,,"Oct 19, 1980",SF,6'5
Kevin Grevey,Washington Bullets,,"Mar 30, 1980",GF,6'5
Billy Ray Bates,Portland Trail Blazers,,"Mar 23, 1980",SG,6'4
Magic Johnson,Los Angeles Lakers,,"Mar 16, 1980",PG,6'9
Cliff Robinson,New Jersey Nets,,"Mar 9, 1980",F,6'9
Larry Bird,Boston Celtics,,"Mar 2, 1980",SF,6'9
Calvin Natt,Portland Trail Blazers,,"Feb 24, 1980",F,6'6
Kareem Abdul-Jabbar,Los Angeles Lakers,,"Feb 17, 1980",C,7'2
Rick Barry,Houston Rockets,,"Feb 10, 1980",F,6'7
George Gervin,San Antonio Spurs,,"Jan 27, 1980",GF,6'7
Dennis Johnson,Seattle SuperSonics,,"Jan 20, 1980",PG,6'4
Greg Ballard,Washington Bullets,,"Jan 13, 1980",F,6'7
Scott Wedman,Kansas City Kings,,"Jan 6, 1980",GF,6'7
Mike Mitchell,Cleveland Cavaliers,,"Dec 30, 1979",F,6'7
Swen Nater,San Diego Clippers,,"Dec 23, 1979",C,6'11
Dan Roundfield,Atlanta Hawks,,"Dec 16, 1979",PF,6'8
Kareem Abdul-Jabbar,Los Angeles Lakers,,"Dec 9, 1979",C,7'2
Adrian Dantley,Utah Jazz,,"Dec 2, 1979",SF,6'5
Walter Davis,Phoenix Suns,,"Nov 25, 1979",GF,6'6
Phil Ford,Kansas City Kings,,"Nov 18, 1979",G,6'2
Magic Johnson,Los Angeles Lakers,,"Nov 11, 1979",PG,6'9
Marques Johnson,Milwaukee Bucks,,"Nov 4, 1979",GF,6'7
Micheal Ray Richardson,New York Knicks,,"Oct 28, 1979",PG,6'5
Julius Erving,Philadelphia Sixers,,"Oct 21, 1979",SF,6'6